Pressure, Temperature, X_ch4,X_CO2, ch4_uptake, co2_uptake,ch4_diff,co2_diff
1500000.095,200,0.98,0.02,66.64676,112.1846,1.89E-09,1.93E-09
1500000.095,200,0.884,0.116,13.45384,184.56032,1.02E-09,1.77E-09
1500000.095,200,0.788,0.212,7.22952,192.56664,1.20E-09,1.98E-09
1500000.095,200,0.692,0.308,12.87418,182.1335,1.46E-09,2.63E-09
1500000.095,200,0.596,0.404,9.79152,187.8931,7.94E-10,1.77E-09
1500000.095,200,0.5,0.5,7.76736,191.24602,1.34E-09,1.82E-09
1500000.095,200,0.404,0.596,6.19396,192.17564,5.70E-10,2.10E-09
1500000.095,200,0.308,0.692,5.02932,193.91588,9.84E-10,1.71E-09
1500000.095,200,0.212,0.788,3.15878,196.10986,1.48E-11,1.95E-09
1500000.095,200,0.116,0.884,1.842,197.23556,1.30E-10,2.05E-09
1500000.095,200,0.02,0.98,0.27652,200.19302,1.26E-09,1.87E-09
1500000.095,220,0.98,0.02,85.89858,71.5835,3.40E-09,3.64E-09
1500000.095,220,0.884,0.116,24.82922,157.05246,2.15E-09,2.87E-09
1500000.095,220,0.788,0.212,13.01628,174.84516,2.00E-09,2.84E-09
1500000.095,220,0.692,0.308,8.13644,182.03586,2.17E-09,2.45E-09
1500000.095,220,0.596,0.404,7.54066,182.56736,3.34E-09,2.29E-09
1500000.095,220,0.5,0.5,6.47248,184.49606,2.51E-09,2.56E-09
1500000.095,220,0.404,0.596,5.05978,186.85892,1.30E-10,2.61E-09
1500000.095,220,0.308,0.692,3.51604,188.20406,1.21E-09,2.67E-09
1500000.095,220,0.212,0.788,2.24936,190.00164,2.50E-09,2.53E-09
1500000.095,220,0.116,0.884,1.16878,190.85106,8.33E-10,2.47E-09
1500000.095,220,0.02,0.98,0.17422,193.856,3.60E-09,2.61E-09
1500000.095,240,0.98,0.02,89.61244,39.1398,6.22E-09,5.94E-09
1500000.095,240,0.884,0.116,38.3363,123.63112,3.80E-09,4.51E-09
1500000.095,240,0.788,0.212,20.35882,151.84198,2.80E-09,3.60E-09
1500000.095,240,0.692,0.308,12.94846,163.4422,2.73E-09,3.58E-09
1500000.095,240,0.596,0.404,8.6163,171.81626,1.47E-09,3.26E-09
1500000.095,240,0.5,0.5,6.04664,176.26474,4.07E-09,3.31E-09
1500000.095,240,0.404,0.596,4.10532,180.04938,1.43E-09,3.28E-09
1500000.095,240,0.308,0.692,2.8878,182.00406,3.24E-09,3.19E-09
1500000.095,240,0.212,0.788,1.87028,183.41874,2.04E-09,3.33E-09
1500000.095,240,0.116,0.884,0.95514,186.02568,2.80E-10,2.75E-09
1500000.095,240,0.02,0.98,0.16362,187.00584,2.15E-09,2.63E-09
1500000.095,260,0.98,0.02,79.77254,20.37176,9.53E-09,1.03E-08
1500000.095,260,0.884,0.116,47.22198,89.06212,6.58E-09,6.31E-09
1500000.095,260,0.788,0.212,28.90006,122.48252,3.72E-09,4.73E-09
1500000.095,260,0.692,0.308,19.095,139.8711,3.80E-09,4.41E-09
1500000.095,260,0.596,0.404,12.71504,151.40834,4.21E-09,4.47E-09
1500000.095,260,0.5,0.5,8.75494,158.2912,2.97E-09,4.26E-09
1500000.095,260,0.404,0.596,6.16242,162.9771,2.24E-09,4.15E-09
1500000.095,260,0.308,0.692,4.10102,168.03014,1.31E-09,4.29E-09
1500000.095,260,0.212,0.788,2.45084,170.88334,3.85E-09,4.02E-09
1500000.095,260,0.116,0.884,1.23236,172.80868,6.05E-10,4.13E-09
1500000.095,260,0.02,0.98,0.19124,174.81526,1.91E-09,3.93E-09
1500000.095,280,0.98,0.02,65.76526,11.1892,1.52E-08,1.15E-08
1500000.095,280,0.884,0.116,48.516,57.06264,1.09E-08,7.65E-09
1500000.095,280,0.788,0.212,34.69284,88.86164,8.96E-09,6.08E-09
1500000.095,280,0.692,0.308,24.37752,110.83328,5.86E-09,7.12E-09
1500000.095,280,0.596,0.404,17.20762,125.3803,3.05E-09,6.26E-09
1500000.095,280,0.5,0.5,12.23732,136.01328,5.72E-09,6.37E-09
1500000.095,280,0.404,0.596,8.3155,143.76516,1.99E-09,6.17E-09
1500000.095,280,0.308,0.692,5.62448,149.38354,5.64E-09,5.71E-09
1500000.095,280,0.212,0.788,3.45766,153.88008,4.51E-09,5.27E-09
1500000.095,280,0.116,0.884,1.69306,158.38826,1.93E-09,5.35E-09
1500000.095,280,0.02,0.98,0.26396,160.75146,1.29E-09,5.20E-09
1500000.095,300,0.98,0.02,53.1464,6.50944,1.25E-08,7.70E-09
1500000.095,300,0.884,0.116,43.23514,34.77006,1.58E-08,1.13E-08
1500000.095,300,0.788,0.212,34.12198,59.82244,1.23E-08,1.44E-08
1500000.095,300,0.692,0.308,26.43164,80.21496,8.72E-09,9.12E-09
1500000.095,300,0.596,0.404,19.88082,96.36294,7.70E-09,8.84E-09
1500000.095,300,0.5,0.5,14.50914,109.39152,5.40E-09,8.17E-09
1500000.095,300,0.404,0.596,10.36934,119.52468,7.39E-09,7.20E-09
1500000.095,300,0.308,0.692,6.98594,127.47424,3.75E-09,7.17E-09
1500000.095,300,0.212,0.788,4.35244,133.60166,6.96E-09,7.63E-09
1500000.095,300,0.116,0.884,2.16462,139.1446,7.99E-09,8.66E-09
1500000.095,300,0.02,0.98,0.34444,143.65094,5.33E-09,5.78E-09
1500000.095,320,0.98,0.02,42.61374,3.95934,2.14E-08,9.81E-09
1500000.095,320,0.884,0.116,36.30004,22.33744,1.75E-08,1.93E-08
1500000.095,320,0.788,0.212,30.12892,39.25648,1.48E-08,1.13E-08
1500000.095,320,0.692,0.308,24.75042,54.84566,1.83E-08,1.08E-08
1500000.095,320,0.596,0.404,19.72706,68.88808,8.77E-09,1.07E-08
1500000.095,320,0.5,0.5,15.29404,81.23538,9.38E-09,1.02E-08
1500000.095,320,0.404,0.596,11.35168,92.32948,9.23E-09,1.04E-08
1500000.095,320,0.308,0.692,8.02662,101.34804,9.58E-09,9.50E-09
1500000.095,320,0.212,0.788,5.06052,108.98504,8.50E-09,8.90E-09
1500000.095,320,0.116,0.884,2.56694,116.3261,5.70E-09,8.41E-09
1500000.095,320,0.02,0.98,0.4083,121.91116,2.79E-08,8.28E-09
1500000.095,340,0.98,0.02,34.58818,2.6541,8.98E-09,2.56E-08
1500000.095,340,0.884,0.116,30.0115,14.79978,2.22E-08,1.14E-08
1500000.095,340,0.788,0.212,25.47506,26.55304,1.87E-08,1.47E-08
1500000.095,340,0.692,0.308,21.51342,37.80836,1.16E-08,1.59E-08
1500000.095,340,0.596,0.404,17.67316,48.23696,1.89E-08,1.32E-08
1500000.095,340,0.5,0.5,14.3109,58.07656,1.19E-08,1.04E-08
1500000.095,340,0.404,0.596,11.00724,67.24046,7.49E-09,1.42E-08
1500000.095,340,0.308,0.692,7.98506,76.04932,1.22E-08,1.23E-08
1500000.095,340,0.212,0.788,5.1961,83.9303,3.68E-09,1.26E-08
1500000.095,340,0.116,0.884,2.72456,90.63766,5.10E-09,9.78E-09
1500000.095,340,0.02,0.98,0.44054,97.40462,1.17E-08,1.03E-08
1500000.095,360,0.98,0.02,28.45666,1.83758,1.81E-08,7.80E-09
1500000.095,360,0.884,0.116,24.93908,10.43128,2.36E-08,2.46E-08
1500000.095,360,0.788,0.212,21.47966,18.55474,2.21E-08,1.75E-08
1500000.095,360,0.692,0.308,18.42536,26.8084,1.34E-08,2.26E-08
1500000.095,360,0.596,0.404,15.3719,34.46378,1.87E-08,1.28E-08
1500000.095,360,0.5,0.5,12.57062,41.70908,1.30E-08,1.44E-08
1500000.095,360,0.404,0.596,9.81236,49.11712,3.34E-08,1.45E-08
1500000.095,360,0.308,0.692,7.27284,55.59838,1.24E-08,2.20E-08
1500000.095,360,0.212,0.788,4.84592,62.71068,1.81E-08,1.72E-08
1500000.095,360,0.116,0.884,2.593,68.8113,6.09E-09,1.48E-08
1500000.095,360,0.02,0.98,0.42904,75.0911,4.63E-08,1.13E-08
1500000.095,380,0.98,0.02,23.65228,1.31584,1.87E-08,6.01E-09
1500000.095,380,0.884,0.116,20.93104,7.58124,2.46E-08,1.18E-08
1500000.095,380,0.788,0.212,18.32876,13.64928,1.92E-08,1.53E-08
1500000.095,380,0.692,0.308,15.66594,19.52926,2.11E-08,8.24E-09
1500000.095,380,0.596,0.404,13.2618,25.53676,2.58E-08,1.58E-08
1500000.095,380,0.5,0.5,10.83594,31.17516,2.03E-08,1.64E-08
1500000.095,380,0.404,0.596,8.5452,36.3347,1.67E-08,1.73E-08
1500000.095,380,0.308,0.692,6.45778,42.02684,1.30E-08,1.24E-08
1500000.095,380,0.212,0.788,4.34662,47.19096,3.60E-08,1.88E-08
1500000.095,380,0.116,0.884,2.3404,52.12974,1.44E-08,1.66E-08
1500000.095,380,0.02,0.98,0.39674,57.05844,5.03E-08,1.52E-08
1500000.095,400,0.98,0.02,20.19966,0.99814,2.09E-08,2.59E-08
1500000.095,400,0.884,0.116,17.7871,5.69454,2.17E-08,1.34E-08
1500000.095,400,0.788,0.212,15.54238,10.21626,2.43E-08,1.66E-08
1500000.095,400,0.692,0.308,13.45504,14.76352,1.97E-08,1.66E-08
1500000.095,400,0.596,0.404,11.41504,19.08078,2.09E-08,1.76E-08
1500000.095,400,0.5,0.5,9.37944,23.4254,1.63E-08,2.29E-08
1500000.095,400,0.404,0.596,7.47724,27.71296,8.31E-09,1.72E-08
1500000.095,400,0.308,0.692,5.62194,31.81848,1.90E-08,1.65E-08
1500000.095,400,0.212,0.788,3.82184,36.14984,2.76E-08,1.45E-08
1500000.095,400,0.116,0.884,2.06098,40.22902,5.81E-08,1.77E-08
1500000.095,400,0.02,0.98,0.34886,44.36742,1.33E-08,1.60E-08
3000000.09,200,0.98,0.02,74.68994,108.60046,1.70E-09,2.25E-09
3000000.09,200,0.884,0.116,14.96624,184.0125,2.06E-09,1.95E-09
3000000.09,200,0.788,0.212,23.0659,172.56636,1.09E-09,1.98E-09
3000000.09,200,0.692,0.308,19.01694,176.80826,1.34E-09,2.01E-09
3000000.09,200,0.596,0.404,23.18482,173.18364,1.06E-09,1.96E-09
3000000.09,200,0.5,0.5,21.02274,176.16326,1.03E-09,1.92E-09
3000000.09,200,0.404,0.596,17.10574,180.91582,7.85E-10,2.05E-09
3000000.09,200,0.308,0.692,15.27636,183.2725,1.13E-09,2.19E-09
3000000.09,200,0.212,0.788,11.17282,186.54948,1.83E-09,1.97E-09
3000000.09,200,0.116,0.884,7.37946,192.39384,1.21E-09,1.96E-09
3000000.09,200,0.02,0.98,1.4812,198.22768,2.35E-10,1.84E-09
3000000.09,220,0.98,0.02,92.58086,73.92616,2.71E-09,2.83E-09
3000000.09,220,0.884,0.116,26.93026,158.28322,1.90E-09,2.39E-09
3000000.09,220,0.788,0.212,14.62562,175.7391,1.86E-09,2.50E-09
3000000.09,220,0.692,0.308,8.7881,185.4784,8.83E-10,2.49E-09
3000000.09,220,0.596,0.404,13.32112,177.05676,1.23E-09,2.80E-09
3000000.09,220,0.5,0.5,10.53604,179.60256,1.37E-09,2.25E-09
3000000.09,220,0.404,0.596,8.89666,182.3561,1.77E-09,2.56E-09
3000000.09,220,0.308,0.692,15.20636,176.1551,1.86E-09,2.50E-09
3000000.09,220,0.212,0.788,11.29348,180.46918,1.59E-09,2.21E-09
3000000.09,220,0.116,0.884,6.90918,185.81148,2.33E-09,2.43E-09
3000000.09,220,0.02,0.98,1.49088,191.51532,1.65E-09,2.41E-09
3000000.09,240,0.98,0.02,100.19962,44.96686,4.82E-09,4.31E-09
3000000.09,240,0.884,0.116,40.11782,129.91676,3.51E-09,4.68E-09
3000000.09,240,0.788,0.212,21.574,156.43866,2.42E-09,3.43E-09
3000000.09,240,0.692,0.308,13.85128,168.27436,1.81E-09,3.44E-09
3000000.09,240,0.596,0.404,9.77538,174.78284,1.26E-09,2.55E-09
3000000.09,240,0.5,0.5,6.88228,179.44536,2.47E-09,3.43E-09
3000000.09,240,0.404,0.596,6.95756,177.34006,3.87E-09,3.36E-09
3000000.09,240,0.308,0.692,5.34796,178.59392,2.62E-11,3.81E-09
3000000.09,240,0.212,0.788,3.4617,183.45626,2.95E-09,2.54E-09
3000000.09,240,0.116,0.884,1.82452,184.55084,4.75E-09,3.12E-09
3000000.09,240,0.02,0.98,1.28948,186.29582,2.68E-09,2.96E-09
3000000.09,260,0.98,0.02,96.05046,26.58526,7.55E-09,7.92E-09
3000000.09,260,0.884,0.116,51.3943,99.84534,4.86E-09,4.62E-09
3000000.09,260,0.788,0.212,30.85514,130.85832,4.56E-09,5.86E-09
3000000.09,260,0.692,0.308,19.82328,147.94096,3.30E-09,4.41E-09
3000000.09,260,0.596,0.404,13.53778,157.95526,2.71E-09,4.04E-09
3000000.09,260,0.5,0.5,9.39952,164.78946,2.60E-09,4.06E-09
3000000.09,260,0.404,0.596,6.72258,170.10588,3.32E-09,3.98E-09
3000000.09,260,0.308,0.692,4.35796,173.45606,7.31E-09,3.41E-09
3000000.09,260,0.212,0.788,3.07036,175.09472,9.83E-10,3.58E-09
3000000.09,260,0.116,0.884,1.55338,177.89464,3.48E-09,3.64E-09
3000000.09,260,0.02,0.98,0.26136,179.47586,3.57E-09,3.88E-09
3000000.09,280,0.98,0.02,86.39188,15.6775,1.21E-08,1.59E-08
3000000.09,280,0.884,0.116,56.60948,71.9117,1.01E-08,7.89E-09
3000000.09,280,0.788,0.212,38.08088,104.21936,6.36E-09,5.83E-09
3000000.09,280,0.692,0.308,25.98524,124.5588,6.14E-09,5.30E-09
3000000.09,280,0.596,0.404,17.9339,138.0377,7.96E-09,5.80E-09
3000000.09,280,0.5,0.5,12.75728,146.67184,4.54E-09,5.21E-09
3000000.09,280,0.404,0.596,8.79808,153.77846,5.28E-09,5.20E-09
3000000.09,280,0.308,0.692,5.89818,159.1848,5.78E-10,4.98E-09
3000000.09,280,0.212,0.788,3.73822,162.87494,4.12E-09,4.82E-09
3000000.09,280,0.116,0.884,1.91856,165.71606,3.00E-09,4.31E-09
3000000.09,280,0.02,0.98,0.28546,169.74182,4.14E-09,4.74E-09
3000000.09,300,0.98,0.02,74.5372,9.76222,1.36E-08,8.69E-09
3000000.09,300,0.884,0.116,55.86176,49.5081,1.41E-08,1.02E-08
3000000.09,300,0.788,0.212,41.09284,78.88588,7.31E-09,8.80E-09
3000000.09,300,0.692,0.308,30.02586,100.19614,6.78E-09,7.62E-09
3000000.09,300,0.596,0.404,22.02488,115.53418,1.13E-08,6.02E-09
3000000.09,300,0.5,0.5,15.79296,126.49534,7.04E-09,6.99E-09
3000000.09,300,0.404,0.596,11.18032,135.6203,4.52E-09,6.00E-09
3000000.09,300,0.308,0.692,7.58124,142.07118,5.07E-09,6.20E-09
3000000.09,300,0.212,0.788,4.70818,147.52448,6.59E-09,6.37E-09
3000000.09,300,0.116,0.884,2.30378,152.23222,4.20E-10,5.05E-09
3000000.09,300,0.02,0.98,0.3693,155.98618,8.07E-09,6.13E-09
3000000.09,320,0.98,0.02,63.4141,6.37138,1.56E-08,1.82E-08
3000000.09,320,0.884,0.116,51.29702,33.89396,1.19E-08,1.11E-08
3000000.09,320,0.788,0.212,40.6906,56.97416,1.31E-08,1.27E-08
3000000.09,320,0.692,0.308,31.4314,76.45802,1.15E-08,8.53E-09
3000000.09,320,0.596,0.404,23.8687,92.43422,8.49E-09,8.41E-09
3000000.09,320,0.5,0.5,17.89722,104.78798,9.79E-09,7.65E-09
3000000.09,320,0.404,0.596,12.96732,114.93078,8.91E-09,8.14E-09
3000000.09,320,0.308,0.692,8.95706,122.98864,1.13E-08,8.81E-09
3000000.09,320,0.212,0.788,5.54596,130.2528,3.00E-09,8.93E-09
3000000.09,320,0.116,0.884,2.83416,135.26824,2.44E-09,7.64E-09
3000000.09,320,0.02,0.98,0.45088,140.6186,3.31E-09,7.79E-09
3000000.09,340,0.98,0.02,53.68516,4.3372,2.21E-08,1.41E-08
3000000.09,340,0.884,0.116,45.17022,23.83856,1.22E-08,1.40E-08
3000000.09,340,0.788,0.212,37.48388,41.32862,1.87E-08,1.40E-08
3000000.09,340,0.692,0.308,30.28916,57.31014,1.59E-08,1.30E-08
3000000.09,340,0.596,0.404,24.11282,70.72198,1.29E-08,1.16E-08
3000000.09,340,0.5,0.5,18.73312,83.07446,1.18E-08,1.04E-08
3000000.09,340,0.404,0.596,13.96802,93.39268,8.75E-09,1.08E-08
3000000.09,340,0.308,0.692,9.83836,102.79584,8.83E-09,1.13E-08
3000000.09,340,0.212,0.788,6.28942,110.26432,1.04E-08,9.22E-09
3000000.09,340,0.116,0.884,3.15916,117.38346,1.92E-08,9.38E-09
3000000.09,340,0.02,0.98,0.50912,123.36196,9.82E-09,9.67E-09
3000000.09,360,0.98,0.02,45.35472,3.06864,2.14E-08,1.03E-08
3000000.09,360,0.884,0.116,38.97408,16.99242,2.06E-08,1.34E-08
3000000.09,360,0.788,0.212,33.25066,30.28782,2.38E-08,1.58E-08
3000000.09,360,0.692,0.308,27.74944,42.78218,1.31E-08,1.16E-08
3000000.09,360,0.596,0.404,22.63904,54.12556,1.09E-08,1.31E-08
3000000.09,360,0.5,0.5,18.00396,64.60508,1.29E-08,1.42E-08
3000000.09,360,0.404,0.596,13.7426,74.22502,1.53E-08,1.15E-08
3000000.09,360,0.308,0.692,9.95446,82.77784,4.00E-09,1.14E-08
3000000.09,360,0.212,0.788,6.4801,90.79728,1.97E-08,8.78E-09
3000000.09,360,0.116,0.884,3.35764,97.8609,8.45E-09,9.03E-09
3000000.09,360,0.02,0.98,0.5472,104.41716,1.30E-08,1.08E-08
3000000.09,380,0.98,0.02,38.71462,2.25346,2.52E-08,6.20E-09
3000000.09,380,0.884,0.116,33.89422,12.68184,3.00E-08,1.12E-08
3000000.09,380,0.788,0.212,29.15114,22.66566,1.94E-08,1.78E-08
3000000.09,380,0.692,0.308,24.79252,32.38142,2.13E-08,1.43E-08
3000000.09,380,0.596,0.404,20.5803,41.43116,1.00E-08,1.46E-08
3000000.09,380,0.5,0.5,16.602,50.26,1.62E-08,1.62E-08
3000000.09,380,0.404,0.596,12.94292,58.49976,1.64E-08,1.57E-08
3000000.09,380,0.308,0.692,9.47446,66.14908,2.41E-08,1.42E-08
3000000.09,380,0.212,0.788,6.28686,73.21108,1.91E-08,1.40E-08
3000000.09,380,0.116,0.884,3.30912,80.0263,2.23E-08,1.43E-08
3000000.09,380,0.02,0.98,0.54448,86.05942,2.51E-09,1.41E-08
3000000.09,400,0.98,0.02,33.17896,1.70314,2.39E-08,1.82E-08
3000000.09,400,0.884,0.116,29.38092,9.60416,2.49E-08,7.40E-09
3000000.09,400,0.788,0.212,25.52018,17.40648,2.14E-08,8.12E-09
3000000.09,400,0.692,0.308,21.75694,25.01716,1.98E-08,1.74E-08
3000000.09,400,0.596,0.404,18.38024,32.43846,2.24E-08,1.75E-08
3000000.09,400,0.5,0.5,15.03082,39.41044,2.28E-08,2.14E-08
3000000.09,400,0.404,0.596,11.84352,45.88906,1.45E-08,1.15E-08
3000000.09,400,0.308,0.692,8.75876,52.56934,2.16E-08,1.47E-08
3000000.09,400,0.212,0.788,5.87654,58.6241,3.12E-08,1.93E-08
3000000.09,400,0.116,0.884,3.1256,64.42688,2.54E-08,1.51E-08
3000000.09,400,0.02,0.98,0.52852,70.20604,2.37E-09,1.40E-08
4500000.085,200,0.98,0.02,86.7326,96.78168,1.75E-09,2.26E-09
4500000.085,200,0.884,0.116,45.37932,145.70916,1.46E-09,2.32E-09
4500000.085,200,0.788,0.212,33.7479,159.98562,1.60E-09,2.14E-09
4500000.085,200,0.692,0.308,28.52672,166.69052,1.65E-09,1.98E-09
4500000.085,200,0.596,0.404,24.72368,170.80224,1.31E-09,1.89E-09
4500000.085,200,0.5,0.5,20.88352,176.54572,7.95E-10,1.95E-09
4500000.085,200,0.404,0.596,17.14542,180.6084,7.85E-10,2.05E-09
4500000.085,200,0.308,0.692,14.7503,183.0551,1.13E-09,2.19E-09
4500000.085,200,0.212,0.788,11.07562,189.31744,1.03E-09,2.01E-09
4500000.085,200,0.116,0.884,7.36334,191.42332,8.00E-10,1.91E-09
4500000.085,200,0.02,0.98,1.68322,197.90464,4.62E-10,1.87E-09
4500000.085,220,0.98,0.02,98.99008,70.97804,3.12E-09,2.81E-09
4500000.085,220,0.884,0.116,30.44386,156.85982,1.50E-09,2.69E-09
4500000.085,220,0.788,0.212,16.8652,174.98184,1.73E-09,2.17E-09
4500000.085,220,0.692,0.308,20.94578,167.6399,1.56E-09,2.47E-09
4500000.085,220,0.596,0.404,25.26236,164.89104,2.12E-09,2.73E-09
4500000.085,220,0.5,0.5,22.64018,167.37238,1.50E-09,2.37E-09
4500000.085,220,0.404,0.596,18.29716,172.80584,2.08E-09,2.04E-09
4500000.085,220,0.308,0.692,15.92162,175.72784,1.34E-09,2.58E-09
4500000.085,220,0.212,0.788,11.32092,181.2873,2.48E-09,2.53E-09
4500000.085,220,0.116,0.884,6.81848,186.70758,1.82E-09,2.65E-09
4500000.085,220,0.02,0.98,1.3526,192.6065,3.55E-09,2.57E-09
4500000.085,240,0.98,0.02,105.47954,46.00646,4.94E-09,4.09E-09
4500000.085,240,0.884,0.116,44.38546,128.46896,3.50E-09,3.46E-09
4500000.085,240,0.788,0.212,23.78956,156.95466,2.01E-09,3.46E-09
4500000.085,240,0.692,0.308,15.45976,167.92734,2.42E-09,3.08E-09
4500000.085,240,0.596,0.404,10.7889,175.89872,2.51E-09,3.03E-09
4500000.085,240,0.5,0.5,12.32084,171.77066,2.91E-09,2.70E-09
4500000.085,240,0.404,0.596,18.64506,164.57078,2.57E-09,3.25E-09
4500000.085,240,0.308,0.692,14.776,169.43496,2.68E-09,3.31E-09
4500000.085,240,0.212,0.788,10.85896,175.32502,1.89E-09,2.81E-09
4500000.085,240,0.116,0.884,6.63242,179.62482,2.43E-09,3.11E-09
4500000.085,240,0.02,0.98,1.3502,185.6504,3.83E-09,3.33E-09
4500000.085,260,0.98,0.02,104.35212,28.03464,6.23E-09,8.74E-09
4500000.085,260,0.884,0.116,54.83268,101.97118,4.00E-09,3.82E-09
4500000.085,260,0.788,0.212,32.73144,133.66708,3.39E-09,3.78E-09
4500000.085,260,0.692,0.308,21.57198,149.44536,2.34E-09,4.24E-09
4500000.085,260,0.596,0.404,14.5727,160.04118,3.12E-09,3.97E-09
4500000.085,260,0.5,0.5,10.8287,165.49944,4.15E-09,3.39E-09
4500000.085,260,0.404,0.596,7.59582,171.41676,4.60E-09,3.66E-09
4500000.085,260,0.308,0.692,6.5927,171.13234,1.93E-09,4.09E-09
4500000.085,260,0.212,0.788,4.51538,173.97656,3.28E-09,3.53E-09
4500000.085,260,0.116,0.884,6.30288,172.89856,2.90E-09,3.54E-09
4500000.085,260,0.02,0.98,1.16776,178.6243,3.57E-09,3.88E-09
4500000.085,280,0.98,0.02,96.6637,17.79892,9.45E-09,8.12E-09
4500000.085,280,0.884,0.116,61.0196,76.99306,6.78E-09,9.16E-09
4500000.085,280,0.788,0.212,40.0524,109.96592,5.74E-09,5.50E-09
4500000.085,280,0.692,0.308,27.14284,129.62306,6.08E-09,5.39E-09
4500000.085,280,0.596,0.404,19.24924,141.53414,6.18E-09,5.18E-09
4500000.085,280,0.5,0.5,13.63828,150.6652,5.35E-09,4.52E-09
4500000.085,280,0.404,0.596,9.44842,157.77396,3.43E-09,4.38E-09
4500000.085,280,0.308,0.692,6.34596,162.92316,1.89E-09,4.43E-09
4500000.085,280,0.212,0.788,4.14034,166.23972,2.61E-09,4.53E-09
4500000.085,280,0.116,0.884,2.0824,169.49458,6.86E-10,4.38E-09
4500000.085,280,0.02,0.98,0.34084,172.27436,2.07E-09,4.04E-09
4500000.085,300,0.98,0.02,86.42548,11.44698,1.23E-08,1.00E-08
4500000.085,300,0.884,0.116,62.2679,55.84446,9.42E-09,1.04E-08
4500000.085,300,0.788,0.212,44.40324,86.37938,7.29E-09,9.72E-09
4500000.085,300,0.692,0.308,32.01918,107.38424,4.77E-09,7.07E-09
4500000.085,300,0.596,0.404,23.1548,122.43874,6.55E-09,6.89E-09
4500000.085,300,0.5,0.5,16.88112,132.79194,6.32E-09,6.25E-09
4500000.085,300,0.404,0.596,11.82796,141.3554,4.46E-09,6.23E-09
4500000.085,300,0.308,0.692,8.00096,148.04726,4.43E-09,5.62E-09
4500000.085,300,0.212,0.788,5.03088,152.89876,5.78E-09,5.62E-09
4500000.085,300,0.116,0.884,2.53458,157.4878,3.16E-09,5.32E-09
4500000.085,300,0.02,0.98,0.40406,161.25234,1.15E-09,5.71E-09
4500000.085,320,0.98,0.02,75.7227,7.82632,1.31E-08,6.89E-09
4500000.085,320,0.884,0.116,59.63004,40.09692,1.26E-08,9.82E-09
4500000.085,320,0.788,0.212,45.6341,66.00864,1.01E-08,9.62E-09
4500000.085,320,0.692,0.308,34.59764,86.39696,9.71E-09,9.93E-09
4500000.085,320,0.596,0.404,26.03234,101.92938,9.55E-09,8.12E-09
4500000.085,320,0.5,0.5,19.33376,113.8793,8.38E-09,7.84E-09
4500000.085,320,0.404,0.596,13.85076,123.7008,1.01E-08,6.88E-09
4500000.085,320,0.308,0.692,9.48546,131.37844,4.99E-09,7.17E-09
4500000.085,320,0.212,0.788,5.98664,138.096,3.96E-09,7.07E-09
4500000.085,320,0.116,0.884,2.99888,143.26266,8.21E-09,6.78E-09
4500000.085,320,0.02,0.98,0.4733,148.17812,4.64E-09,6.90E-09
4500000.085,340,0.98,0.02,65.77484,5.43166,1.91E-08,1.79E-08
4500000.085,340,0.884,0.116,54.06712,29.3959,1.28E-08,1.17E-08
4500000.085,340,0.788,0.212,43.95148,49.88738,1.36E-08,1.66E-08
4500000.085,340,0.692,0.308,34.82052,67.90266,1.51E-08,1.15E-08
4500000.085,340,0.596,0.404,27.23744,82.23422,1.18E-08,1.18E-08
4500000.085,340,0.5,0.5,20.69902,94.70808,1.21E-08,1.09E-08
4500000.085,340,0.404,0.596,15.32612,104.93442,9.93E-09,8.18E-09
4500000.085,340,0.308,0.692,10.6996,114.0686,1.42E-08,7.69E-09
4500000.085,340,0.212,0.788,6.716,121.45694,7.49E-09,9.17E-09
4500000.085,340,0.116,0.884,3.4444,127.78106,4.85E-09,7.91E-09
4500000.085,340,0.02,0.98,0.5568,133.37172,7.11E-09,9.68E-09
4500000.085,360,0.98,0.02,57.03932,3.94024,1.85E-08,1.08E-09
4500000.085,360,0.884,0.116,48.41508,21.59118,2.15E-08,9.77E-09
4500000.085,360,0.788,0.212,40.50536,38.04896,1.62E-08,1.36E-08
4500000.085,360,0.692,0.308,33.18738,52.62572,1.31E-08,1.39E-08
4500000.085,360,0.596,0.404,26.67112,65.49592,1.51E-08,1.14E-08
4500000.085,360,0.5,0.5,20.91156,77.10266,1.53E-08,1.34E-08
4500000.085,360,0.404,0.596,15.6823,87.45198,1.81E-08,1.02E-08
4500000.085,360,0.308,0.692,11.20782,96.43136,8.93E-09,1.01E-08
4500000.085,360,0.212,0.788,7.1892,104.51304,5.58E-09,1.05E-08
4500000.085,360,0.116,0.884,3.72192,111.25894,8.56E-09,9.86E-09
4500000.085,360,0.02,0.98,0.60794,117.45074,2.96E-08,1.09E-08
4500000.085,380,0.98,0.02,49.6881,2.94758,2.08E-08,1.90E-08
4500000.085,380,0.884,0.116,43.14306,16.5045,1.89E-08,1.92E-08
4500000.085,380,0.788,0.212,36.5578,29.10916,2.22E-08,1.43E-08
4500000.085,380,0.692,0.308,30.66932,41.0913,1.94E-08,1.52E-08
4500000.085,380,0.596,0.404,25.11958,52.08262,1.84E-08,1.25E-08
4500000.085,380,0.5,0.5,20.0345,62.14914,1.51E-08,1.32E-08
4500000.085,380,0.404,0.596,15.409,71.68166,1.88E-08,1.47E-08
4500000.085,380,0.308,0.692,11.10778,80.2533,2.09E-08,1.28E-08
4500000.085,380,0.212,0.788,7.33722,87.79496,1.98E-08,1.31E-08
4500000.085,380,0.116,0.884,3.82748,94.9331,1.38E-08,1.25E-08
4500000.085,380,0.02,0.98,0.6269,101.49368,9.40E-09,1.10E-08
4500000.085,400,0.98,0.02,43.51962,2.26598,2.08E-08,2.36E-08
4500000.085,400,0.884,0.116,38.03286,12.8231,2.49E-08,2.07E-08
4500000.085,400,0.788,0.212,32.6257,22.79246,1.81E-08,1.64E-08
4500000.085,400,0.692,0.308,27.75098,32.54916,2.19E-08,2.24E-08
4500000.085,400,0.596,0.404,23.23488,41.82038,1.77E-08,1.54E-08
4500000.085,400,0.5,0.5,18.67618,50.31264,2.65E-08,1.29E-08
4500000.085,400,0.404,0.596,14.65644,58.40594,1.38E-08,1.64E-08
4500000.085,400,0.308,0.692,10.70762,66.08162,3.29E-08,1.52E-08
4500000.085,400,0.212,0.788,7.16758,73.00684,2.20E-09,1.53E-08
4500000.085,400,0.116,0.884,3.76606,79.98086,1.69E-08,1.31E-08
4500000.085,400,0.02,0.98,0.62566,86.3504,5.27E-09,1.33E-08
6000000.08,200,0.98,0.02,109.5601,70.7384,1.79E-09,2.22E-09
6000000.08,200,0.884,0.116,54.11402,135.3365,1.54E-09,2.32E-09
6000000.08,200,0.788,0.212,37.15334,155.86064,1.22E-09,2.32E-09
6000000.08,200,0.692,0.308,28.81646,166.6985,7.61E-10,1.67E-09
6000000.08,200,0.596,0.404,24.63632,172.51664,9.84E-10,1.83E-09
6000000.08,200,0.5,0.5,20.68092,176.0426,6.74E-10,1.72E-09
6000000.08,200,0.404,0.596,16.91028,182.40218,1.41E-09,1.78E-09
6000000.08,200,0.308,0.692,15.3139,183.28696,1.07E-09,1.96E-09
6000000.08,200,0.212,0.788,11.79012,188.47178,1.03E-09,1.72E-09
6000000.08,200,0.116,0.884,7.56232,191.82308,1.49E-09,1.93E-09
6000000.08,200,0.02,0.98,1.7315,198.93938,3.75E-09,2.02E-09
6000000.08,220,0.98,0.02,106.02406,64.47082,2.37E-09,2.65E-09
6000000.08,220,0.884,0.116,37.80364,148.39882,1.79E-09,2.77E-09
6000000.08,220,0.788,0.212,30.54492,157.95442,1.40E-09,2.09E-09
6000000.08,220,0.692,0.308,30.07772,157.8448,2.17E-09,2.22E-09
6000000.08,220,0.596,0.404,26.42156,163.27996,1.61E-09,2.39E-09
6000000.08,220,0.5,0.5,21.97346,169.12952,1.74E-09,2.46E-09
6000000.08,220,0.404,0.596,19.59848,171.2601,1.31E-09,2.47E-09
6000000.08,220,0.308,0.692,16.12376,175.95768,1.65E-09,2.69E-09
6000000.08,220,0.212,0.788,11.73016,179.55164,1.77E-09,2.36E-09
6000000.08,220,0.116,0.884,6.9081,186.92106,1.26E-09,2.43E-09
6000000.08,220,0.02,0.98,1.54022,190.83654,1.42E-09,2.38E-09
6000000.08,240,0.98,0.02,110.65464,44.66888,4.35E-09,3.77E-09
6000000.08,240,0.884,0.116,48.37844,126.09622,2.48E-09,2.98E-09
6000000.08,240,0.788,0.212,27.43312,153.87238,2.28E-09,3.40E-09
6000000.08,240,0.692,0.308,18.94054,165.23912,2.57E-09,3.25E-09
6000000.08,240,0.596,0.404,18.74696,165.51586,1.69E-09,3.28E-09
6000000.08,240,0.5,0.5,21.46814,161.69222,3.58E-09,2.88E-09
6000000.08,240,0.404,0.596,18.57786,165.40616,2.57E-09,3.25E-09
6000000.08,240,0.308,0.692,15.29258,169.89772,1.82E-09,2.84E-09
6000000.08,240,0.212,0.788,11.81846,173.28104,1.07E-09,2.67E-09
6000000.08,240,0.116,0.884,6.8873,180.0206,1.74E-09,3.10E-09
6000000.08,240,0.02,0.98,1.29862,185.70202,2.68E-09,2.96E-09
6000000.08,260,0.98,0.02,109.2532,28.9183,5.49E-09,5.31E-09
6000000.08,260,0.884,0.116,57.41662,101.80932,5.13E-09,5.40E-09
6000000.08,260,0.788,0.212,35.04198,133.23694,3.54E-09,4.94E-09
6000000.08,260,0.692,0.308,23.118,149.89474,2.53E-09,3.96E-09
6000000.08,260,0.596,0.404,16.67596,159.64942,4.21E-09,3.80E-09
6000000.08,260,0.5,0.5,12.35384,165.35832,3.16E-09,3.94E-09
6000000.08,260,0.404,0.596,9.7815,169.54804,1.23E-09,3.98E-09
6000000.08,260,0.308,0.692,14.26304,163.53102,2.74E-09,3.69E-09
6000000.08,260,0.212,0.788,10.94912,167.46336,2.30E-09,3.73E-09
6000000.08,260,0.116,0.884,6.53446,173.4661,2.92E-09,4.09E-09
6000000.08,260,0.02,0.98,1.21688,179.08404,3.57E-09,3.88E-09
6000000.08,280,0.98,0.02,103.0295,18.6614,1.15E-08,7.41E-09
6000000.08,280,0.884,0.116,64.42744,78.7186,4.63E-09,6.55E-09
6000000.08,280,0.788,0.212,42.21122,111.4601,5.12E-09,4.91E-09
6000000.08,280,0.692,0.308,29.12754,130.47328,5.42E-09,4.99E-09
6000000.08,280,0.596,0.404,20.8468,142.85754,4.80E-09,4.92E-09
6000000.08,280,0.5,0.5,14.58954,152.20744,3.53E-09,4.56E-09
6000000.08,280,0.404,0.596,10.77452,158.18904,4.81E-09,4.60E-09
6000000.08,280,0.308,0.692,7.3103,163.3709,3.52E-09,4.58E-09
6000000.08,280,0.212,0.788,4.85908,167.3934,3.31E-09,4.47E-09
6000000.08,280,0.116,0.884,5.49954,166.23,5.38E-09,4.40E-09
6000000.08,280,0.02,0.98,1.0981,172.1658,7.75E-09,4.97E-09
6000000.08,300,0.98,0.02,93.89342,12.56678,1.17E-08,1.18E-08
6000000.08,300,0.884,0.116,66.21128,58.99114,7.25E-09,8.70E-09
6000000.08,300,0.788,0.212,47.2611,89.53412,7.72E-09,7.80E-09
6000000.08,300,0.692,0.308,34.05588,110.48764,7.03E-09,6.91E-09
6000000.08,300,0.596,0.404,24.66384,125.05186,5.52E-09,5.27E-09
6000000.08,300,0.5,0.5,17.52792,136.6815,5.84E-09,5.12E-09
6000000.08,300,0.404,0.596,12.76132,143.93504,5.72E-09,5.36E-09
6000000.08,300,0.308,0.692,8.77388,150.2631,3.12E-09,5.02E-09
6000000.08,300,0.212,0.788,5.50194,156.14502,4.12E-09,4.21E-09
6000000.08,300,0.116,0.884,2.7839,160.48306,5.51E-09,4.91E-09
6000000.08,300,0.02,0.98,0.45884,164.01222,9.16E-10,4.94E-09
6000000.08,320,0.98,0.02,84.0298,8.68516,1.51E-08,1.90E-08
6000000.08,320,0.884,0.116,64.74948,43.76106,1.08E-08,1.00E-08
6000000.08,320,0.788,0.212,48.89058,70.8882,9.45E-09,9.14E-09
6000000.08,320,0.692,0.308,37.03778,90.84428,1.04E-08,5.97E-09
6000000.08,320,0.596,0.404,27.69576,106.29922,4.32E-09,8.21E-09
6000000.08,320,0.5,0.5,20.39304,119.02204,1.01E-08,7.40E-09
6000000.08,320,0.404,0.596,14.78004,128.03032,8.97E-09,7.09E-09
6000000.08,320,0.308,0.692,10.1592,135.98384,1.15E-08,7.09E-09
6000000.08,320,0.212,0.788,6.4681,141.67846,5.58E-09,6.31E-09
6000000.08,320,0.116,0.884,3.2737,147.35236,9.15E-09,6.46E-09
6000000.08,320,0.02,0.98,0.52084,152.17732,8.71E-10,6.38E-09
6000000.08,340,0.98,0.02,74.655,6.25866,1.42E-08,7.90E-09
6000000.08,340,0.884,0.116,60.27636,33.07282,1.19E-08,1.06E-08
6000000.08,340,0.788,0.212,47.97582,55.44124,8.28E-09,1.15E-08
6000000.08,340,0.692,0.308,37.90206,73.31092,1.32E-08,1.16E-08
6000000.08,340,0.596,0.404,29.13162,89.19578,1.14E-08,1.06E-08
6000000.08,340,0.5,0.5,21.96906,101.59716,8.89E-09,8.98E-09
6000000.08,340,0.404,0.596,16.18096,111.7628,9.71E-09,7.88E-09
6000000.08,340,0.308,0.692,11.37534,119.98992,5.10E-09,7.58E-09
6000000.08,340,0.212,0.788,7.20116,127.11768,9.45E-10,7.89E-09
6000000.08,340,0.116,0.884,3.6798,133.58344,7.49E-09,9.24E-09
6000000.08,340,0.02,0.98,0.5806,138.97734,6.08E-09,7.60E-09
6000000.08,360,0.98,0.02,66.06422,4.59218,1.97E-08,2.23E-08
6000000.08,360,0.884,0.116,55.09182,25.00044,1.47E-08,1.39E-08
6000000.08,360,0.788,0.212,45.35954,43.15792,1.53E-08,1.25E-08
6000000.08,360,0.692,0.308,36.85052,58.69072,1.26E-08,1.21E-08
6000000.08,360,0.596,0.404,29.24594,72.9974,1.19E-08,1.22E-08
6000000.08,360,0.5,0.5,22.7917,84.75548,1.16E-08,1.10E-08
6000000.08,360,0.404,0.596,16.98806,95.32378,1.32E-08,1.14E-08
6000000.08,360,0.308,0.692,12.12464,103.935,8.48E-09,9.53E-09
6000000.08,360,0.212,0.788,7.77222,111.99612,8.12E-09,1.04E-08
6000000.08,360,0.116,0.884,3.96414,119.31148,5.14E-09,1.02E-08
6000000.08,360,0.02,0.98,0.6521,124.73436,2.54E-09,9.03E-09
6000000.08,380,0.98,0.02,58.1526,3.49806,2.06E-08,1.20E-08
6000000.08,380,0.884,0.116,49.92912,19.25096,1.98E-08,1.17E-08
6000000.08,380,0.788,0.212,42.11348,33.91598,1.78E-08,1.22E-08
6000000.08,380,0.692,0.308,34.91544,47.26902,1.67E-08,1.56E-08
6000000.08,380,0.596,0.404,28.2687,59.30598,1.59E-08,1.25E-08
6000000.08,380,0.5,0.5,22.41382,70.41924,1.34E-08,1.22E-08
6000000.08,380,0.404,0.596,17.093,80.1776,1.52E-08,1.25E-08
6000000.08,380,0.308,0.692,12.30972,88.80382,9.43E-09,1.18E-08
6000000.08,380,0.212,0.788,8.0168,96.95926,1.45E-08,1.10E-08
6000000.08,380,0.116,0.884,4.1486,104.2387,7.10E-09,1.45E-08
6000000.08,380,0.02,0.98,0.68224,110.80992,1.28E-08,9.10E-09
6000000.08,400,0.98,0.02,51.32874,2.72256,2.11E-08,1.30E-08
6000000.08,400,0.884,0.116,44.59144,15.32396,2.44E-08,1.66E-08
6000000.08,400,0.788,0.212,38.25868,27.03642,1.89E-08,1.51E-08
6000000.08,400,0.692,0.308,32.2695,37.96238,1.25E-08,1.64E-08
6000000.08,400,0.596,0.404,26.66916,48.51984,2.07E-08,1.55E-08
6000000.08,400,0.5,0.5,21.387,58.22398,1.92E-08,1.16E-08
6000000.08,400,0.404,0.596,16.57356,66.88468,1.75E-08,1.31E-08
6000000.08,400,0.308,0.692,12.081,75.39842,1.21E-08,1.29E-08
6000000.08,400,0.212,0.788,7.95136,83.01056,1.32E-08,1.47E-08
6000000.08,400,0.116,0.884,4.17474,90.22816,2.13E-08,1.52E-08
6000000.08,400,0.02,0.98,0.6853,96.64312,1.67E-08,1.22E-08
7500000.075,200,0.98,0.02,117.60516,61.98724,1.58E-09,2.00E-09
7500000.075,200,0.884,0.116,59.44972,130.2101,1.27E-09,2.16E-09
7500000.075,200,0.788,0.212,38.95876,154.40142,7.65E-10,2.25E-09
7500000.075,200,0.692,0.308,29.0183,166.7369,1.65E-09,1.98E-09
7500000.075,200,0.596,0.404,25.49176,171.55644,1.13E-09,1.97E-09
7500000.075,200,0.5,0.5,21.33578,175.65362,1.03E-09,1.92E-09
7500000.075,200,0.404,0.596,17.75518,180.90688,1.31E-09,2.01E-09
7500000.075,200,0.308,0.692,14.48482,184.00854,2.21E-09,1.92E-09
7500000.075,200,0.212,0.788,11.95024,187.01038,1.12E-09,1.81E-09
7500000.075,200,0.116,0.884,7.28296,192.58842,1.20E-09,1.98E-09
7500000.075,200,0.02,0.98,1.66406,198.1905,4.62E-10,1.87E-09
7500000.075,220,0.98,0.02,113.25126,57.7547,2.87E-09,3.09E-09
7500000.075,220,0.884,0.116,50.3806,133.11508,1.84E-09,2.79E-09
7500000.075,220,0.788,0.212,39.32848,146.68384,1.77E-09,2.21E-09
7500000.075,220,0.692,0.308,31.42762,156.54302,2.12E-09,2.41E-09
7500000.075,220,0.596,0.404,26.67928,163.83356,1.85E-09,2.69E-09
7500000.075,220,0.5,0.5,23.53142,167.00762,1.66E-09,2.29E-09
7500000.075,220,0.404,0.596,19.12314,171.62676,1.77E-09,2.17E-09
7500000.075,220,0.308,0.692,15.34774,177.16536,1.87E-09,2.38E-09
7500000.075,220,0.212,0.788,11.6231,181.2999,2.02E-09,2.32E-09
7500000.075,220,0.116,0.884,7.02282,186.08062,2.25E-09,2.59E-09
7500000.075,220,0.02,0.98,1.27988,192.77368,5.16E-09,2.26E-09
7500000.075,240,0.98,0.02,115.32738,41.6225,3.56E-09,5.81E-09
7500000.075,240,0.884,0.116,53.61248,120.69442,3.43E-09,3.56E-09
7500000.075,240,0.788,0.212,32.20162,148.16688,2.15E-09,3.61E-09
7500000.075,240,0.692,0.308,26.1067,156.23528,2.39E-09,3.34E-09
7500000.075,240,0.596,0.404,25.45412,157.22428,2.50E-09,3.40E-09
7500000.075,240,0.5,0.5,22.60996,161.4074,2.41E-09,3.13E-09
7500000.075,240,0.404,0.596,19.73044,164.21414,2.92E-09,3.03E-09
7500000.075,240,0.308,0.692,16.29878,168.59694,1.96E-09,3.15E-09
7500000.075,240,0.212,0.788,12.0053,173.30952,2.53E-09,3.02E-09
7500000.075,240,0.116,0.884,6.77428,179.87044,1.74E-09,2.80E-09
7500000.075,240,0.02,0.98,1.34632,187.58454,5.91E-10,2.98E-09
7500000.075,260,0.98,0.02,114.07086,28.02332,5.97E-09,8.01E-09
7500000.075,260,0.884,0.116,61.44318,100.10274,3.98E-09,4.88E-09
7500000.075,260,0.788,0.212,38.56434,130.64696,2.55E-09,4.52E-09
7500000.075,260,0.692,0.308,25.8627,147.75314,3.00E-09,3.52E-09
7500000.075,260,0.596,0.404,19.6648,156.55474,2.71E-09,3.63E-09
7500000.075,260,0.5,0.5,16.86782,160.10208,4.63E-09,3.06E-09
7500000.075,260,0.404,0.596,17.78974,159.73074,2.09E-09,3.89E-09
7500000.075,260,0.308,0.692,14.91176,162.79508,2.78E-09,3.98E-09
7500000.075,260,0.212,0.788,11.06438,167.4919,3.00E-09,3.67E-09
7500000.075,260,0.116,0.884,6.5725,173.46608,1.17E-09,3.50E-09
7500000.075,260,0.02,0.98,1.23356,179.33032,1.02E-08,3.28E-09
7500000.075,280,0.98,0.02,107.67822,18.8551,7.45E-09,6.85E-09
7500000.075,280,0.884,0.116,67.23658,78.98716,5.12E-09,6.49E-09
7500000.075,280,0.788,0.212,44.26614,111.90052,6.50E-09,5.48E-09
7500000.075,280,0.692,0.308,30.81464,131.06424,4.13E-09,5.70E-09
7500000.075,280,0.596,0.404,22.1622,143.40212,4.46E-09,4.71E-09
7500000.075,280,0.5,0.5,16.76112,151.09508,4.67E-09,5.00E-09
7500000.075,280,0.404,0.596,12.2099,157.40554,3.84E-09,4.28E-09
7500000.075,280,0.308,0.692,9.49036,161.32216,4.58E-09,4.83E-09
7500000.075,280,0.212,0.788,9.18722,162.3787,3.15E-09,4.22E-09
7500000.075,280,0.116,0.884,5.87908,166.18616,7.03E-10,4.39E-09
7500000.075,280,0.02,0.98,1.12322,172.16774,2.58E-09,4.88E-09
7500000.075,300,0.98,0.02,99.38836,13.01956,1.27E-08,1.90E-08
7500000.075,300,0.884,0.116,69.41164,60.80182,8.86E-09,6.35E-09
7500000.075,300,0.788,0.212,49.4316,91.4168,4.70E-09,8.58E-09
7500000.075,300,0.692,0.308,35.41642,112.27528,6.78E-09,5.73E-09
7500000.075,300,0.596,0.404,25.7757,126.61928,6.26E-09,5.16E-09
7500000.075,300,0.5,0.5,18.89448,137.57252,7.06E-09,5.63E-09
7500000.075,300,0.404,0.596,13.65844,145.5077,3.94E-09,5.51E-09
7500000.075,300,0.308,0.692,9.62236,151.52218,6.07E-09,5.19E-09
7500000.075,300,0.212,0.788,6.15672,156.96502,4.94E-09,4.88E-09
7500000.075,300,0.116,0.884,3.31072,161.12746,3.03E-09,4.86E-09
7500000.075,300,0.02,0.98,0.8696,164.68256,5.35E-09,4.83E-09
7500000.075,320,0.98,0.02,90.31448,9.24634,1.22E-08,1.08E-08
7500000.075,320,0.884,0.116,68.28182,46.28574,1.01E-08,1.40E-08
7500000.075,320,0.788,0.212,51.53282,73.30816,8.86E-09,8.71E-09
7500000.075,320,0.692,0.308,38.92392,93.71416,6.73E-09,7.71E-09
7500000.075,320,0.596,0.404,29.13878,109.29906,5.07E-09,7.62E-09
7500000.075,320,0.5,0.5,21.47856,121.4007,7.78E-09,6.46E-09
7500000.075,320,0.404,0.596,15.46606,130.86712,5.86E-09,7.11E-09
7500000.075,320,0.308,0.692,10.86376,137.98526,6.16E-09,6.70E-09
7500000.075,320,0.212,0.788,6.83478,144.78212,2.63E-09,7.35E-09
7500000.075,320,0.116,0.884,3.52016,149.82228,2.50E-09,6.43E-09
7500000.075,320,0.02,0.98,0.57342,154.5724,2.10E-11,6.22E-09
7500000.075,340,0.98,0.02,81.16382,6.79084,1.77E-08,1.36E-08
7500000.075,340,0.884,0.116,64.88906,35.36754,1.40E-08,1.01E-08
7500000.075,340,0.788,0.212,51.49524,58.4781,1.13E-08,1.04E-08
7500000.075,340,0.692,0.308,39.97364,77.36882,1.03E-08,1.04E-08
7500000.075,340,0.596,0.404,30.74208,93.02454,1.06E-08,1.06E-08
7500000.075,340,0.5,0.5,23.47524,104.9523,6.00E-09,9.94E-09
7500000.075,340,0.404,0.596,17.24182,115.09852,3.89E-09,8.54E-09
7500000.075,340,0.308,0.692,11.96468,123.90526,7.40E-09,9.32E-09
7500000.075,340,0.212,0.788,7.6072,131.10354,9.04E-09,8.61E-09
7500000.075,340,0.116,0.884,3.86034,137.33796,4.43E-09,6.24E-09
7500000.075,340,0.02,0.98,0.62774,143.03576,1.58E-09,7.25E-09
7500000.075,360,0.98,0.02,72.52418,5.07594,1.88E-08,1.04E-08
7500000.075,360,0.884,0.116,60.15832,27.31596,1.67E-08,1.13E-08
7500000.075,360,0.788,0.212,49.13302,46.91412,1.64E-08,1.39E-08
7500000.075,360,0.692,0.308,39.67356,63.42626,1.38E-08,1.07E-08
7500000.075,360,0.596,0.404,31.3448,77.30178,8.74E-09,1.02E-08
7500000.075,360,0.5,0.5,24.10206,90.0268,1.10E-08,8.04E-09
7500000.075,360,0.404,0.596,17.96094,100.42862,8.03E-09,1.32E-08
7500000.075,360,0.308,0.692,12.68884,109.44024,7.67E-09,8.49E-09
7500000.075,360,0.212,0.788,8.22388,116.8657,1.08E-08,9.08E-09
7500000.075,360,0.116,0.884,4.21622,123.8019,1.37E-08,1.14E-08
7500000.075,360,0.02,0.98,0.68242,130.11328,1.59E-08,8.41E-09
7500000.075,380,0.98,0.02,64.91616,3.89632,2.30E-08,4.31E-08
7500000.075,380,0.884,0.116,55.1858,21.33116,1.61E-08,1.37E-08
7500000.075,380,0.788,0.212,46.11942,37.30996,1.48E-08,1.96E-08
7500000.075,380,0.692,0.308,37.93608,51.69384,1.34E-08,1.28E-08
7500000.075,380,0.596,0.404,30.63036,64.5312,1.45E-08,1.05E-08
7500000.075,380,0.5,0.5,24.18148,75.69578,1.24E-08,1.19E-08
7500000.075,380,0.404,0.596,18.27412,86.01354,7.09E-09,1.19E-08
7500000.075,380,0.308,0.692,13.11264,95.20074,6.57E-09,1.13E-08
7500000.075,380,0.212,0.788,8.55086,103.1873,1.93E-08,1.17E-08
7500000.075,380,0.116,0.884,4.3995,110.7255,1.47E-08,1.12E-08
7500000.075,380,0.02,0.98,0.7308,116.73408,2.02E-08,1.19E-08
7500000.075,400,0.98,0.02,58.08482,3.08706,1.82E-08,9.01E-09
7500000.075,400,0.884,0.116,50.21232,17.12184,1.71E-08,1.68E-08
7500000.075,400,0.788,0.212,42.61496,30.302,1.64E-08,1.54E-08
7500000.075,400,0.692,0.308,35.65368,42.43424,2.48E-08,1.47E-08
7500000.075,400,0.596,0.404,29.3672,53.4813,1.30E-08,1.49E-08
7500000.075,400,0.5,0.5,23.35652,63.96162,1.61E-08,1.42E-08
7500000.075,400,0.404,0.596,17.93798,73.76084,1.53E-08,1.18E-08
7500000.075,400,0.308,0.692,13.11082,82.06958,1.01E-08,1.16E-08
7500000.075,400,0.212,0.788,8.5705,89.83544,1.95E-08,1.40E-08
7500000.075,400,0.116,0.884,4.49214,97.19462,2.43E-09,1.31E-08
7500000.075,400,0.02,0.98,0.73982,103.96922,1.30E-08,1.41E-08
9000000.07,200,0.98,0.02,123.13142,56.49932,1.56E-09,1.96E-09
9000000.07,200,0.884,0.116,60.4331,129.03392,1.61E-09,1.89E-09
9000000.07,200,0.788,0.212,38.31348,155.93518,1.68E-09,2.20E-09
9000000.07,200,0.692,0.308,31.06728,163.38156,9.79E-10,2.32E-09
9000000.07,200,0.596,0.404,24.96274,171.93434,1.12E-09,1.98E-09
9000000.07,200,0.5,0.5,20.48606,177.66682,2.20E-09,1.83E-09
9000000.07,200,0.404,0.596,18.33944,179.61922,1.51E-09,1.87E-09
9000000.07,200,0.308,0.692,15.11968,183.68526,2.06E-09,1.95E-09
9000000.07,200,0.212,0.788,10.97876,187.82072,1.66E-09,2.08E-09
9000000.07,200,0.116,0.884,7.02426,193.35528,1.20E-09,1.98E-09
9000000.07,200,0.02,0.98,1.61368,198.16782,3.07E-11,1.75E-09
9000000.07,220,0.98,0.02,120.93406,49.23946,2.80E-09,2.75E-09
9000000.07,220,0.884,0.116,60.46134,121.45,2.48E-09,2.55E-09
9000000.07,220,0.788,0.212,42.5813,143.80936,1.98E-09,2.55E-09
9000000.07,220,0.692,0.308,33.91294,153.99278,1.78E-09,2.54E-09
9000000.07,220,0.596,0.404,28.98176,159.09666,2.04E-09,2.67E-09
9000000.07,220,0.5,0.5,24.46196,165.6516,1.96E-09,2.43E-09
9000000.07,220,0.404,0.596,19.54278,172.25586,1.21E-09,2.04E-09
9000000.07,220,0.308,0.692,15.48094,176.8623,1.36E-09,2.43E-09
9000000.07,220,0.212,0.788,11.6797,181.722,1.60E-09,2.35E-09
9000000.07,220,0.116,0.884,7.09176,186.94944,1.82E-09,2.65E-09
9000000.07,220,0.02,0.98,1.47918,192.73262,3.55E-09,2.57E-09
9000000.07,240,0.98,0.02,119.35562,38.83426,4.14E-09,4.27E-09
9000000.07,240,0.884,0.116,58.99486,114.82972,2.52E-09,3.44E-09
9000000.07,240,0.788,0.212,39.5249,138.86754,2.48E-09,3.98E-09
9000000.07,240,0.692,0.308,31.95852,148.72444,2.00E-09,3.38E-09
9000000.07,240,0.596,0.404,27.58418,155.16658,2.54E-09,2.80E-09
9000000.07,240,0.5,0.5,24.4942,158.97634,1.70E-09,3.24E-09
9000000.07,240,0.404,0.596,20.742,163.2194,2.20E-09,2.93E-09
9000000.07,240,0.308,0.692,15.65782,169.18914,2.46E-09,2.97E-09
9000000.07,240,0.212,0.788,11.80938,174.1158,1.50E-09,3.00E-09
9000000.07,240,0.116,0.884,7.19912,179.69348,1.74E-09,3.10E-09
9000000.07,240,0.02,0.98,1.32674,186.00516,2.68E-09,2.96E-09
9000000.07,260,0.98,0.02,117.48582,26.90948,5.85E-09,6.36E-09
9000000.07,260,0.884,0.116,64.52414,98.04816,3.40E-09,4.13E-09
9000000.07,260,0.788,0.212,42.45134,127.06526,3.93E-09,3.90E-09
9000000.07,260,0.692,0.308,29.94448,143.4492,3.40E-09,3.70E-09
9000000.07,260,0.596,0.404,24.09028,151.18236,2.53E-09,3.85E-09
9000000.07,260,0.5,0.5,21.52344,155.2748,3.51E-09,3.62E-09
9000000.07,260,0.404,0.596,18.83856,158.52888,3.11E-09,3.15E-09
9000000.07,260,0.308,0.692,15.28738,163.16872,2.62E-09,3.94E-09
9000000.07,260,0.212,0.788,11.51344,167.05444,1.74E-09,3.86E-09
9000000.07,260,0.116,0.884,6.5424,173.50224,1.97E-09,3.51E-09
9000000.07,260,0.02,0.98,1.2467,179.16536,2.28E-09,4.10E-09
9000000.07,280,0.98,0.02,111.1379,18.956,7.98E-09,6.73E-09
9000000.07,280,0.884,0.116,70.16894,77.84066,5.40E-09,5.50E-09
9000000.07,280,0.788,0.212,47.39562,109.7335,3.33E-09,4.96E-09
9000000.07,280,0.692,0.308,33.0185,129.51718,4.55E-09,4.85E-09
9000000.07,280,0.596,0.404,24.69822,141.72726,3.91E-09,4.46E-09
9000000.07,280,0.5,0.5,18.47382,150.1368,4.75E-09,4.36E-09
9000000.07,280,0.404,0.596,14.5171,155.53958,3.66E-09,4.17E-09
9000000.07,280,0.308,0.692,12.77586,158.14586,1.30E-09,3.77E-09
9000000.07,280,0.212,0.788,10.26514,161.0461,3.65E-09,4.13E-09
9000000.07,280,0.116,0.884,6.25126,166.236,4.64E-09,4.77E-09
9000000.07,280,0.02,0.98,1.13426,172.91018,2.68E-09,4.59E-09
9000000.07,300,0.98,0.02,103.69692,13.2971,1.01E-08,1.27E-08
9000000.07,300,0.884,0.116,72.21004,61.39398,8.49E-09,8.89E-09
9000000.07,300,0.788,0.212,51.45718,91.79392,7.68E-09,7.02E-09
9000000.07,300,0.692,0.308,37.55458,112.43862,5.69E-09,7.46E-09
9000000.07,300,0.596,0.404,27.79452,126.48122,6.24E-09,5.92E-09
9000000.07,300,0.5,0.5,20.39536,137.22592,5.51E-09,5.80E-09
9000000.07,300,0.404,0.596,14.92804,145.20514,2.79E-09,5.08E-09
9000000.07,300,0.308,0.692,10.71478,151.37996,4.49E-09,5.61E-09
9000000.07,300,0.212,0.788,7.20946,156.7393,5.30E-09,5.96E-09
9000000.07,300,0.116,0.884,4.75178,159.84702,4.38E-09,5.04E-09
9000000.07,300,0.02,0.98,0.98518,165.0053,2.23E-09,4.88E-09
9000000.07,320,0.98,0.02,95.04196,9.63254,1.23E-08,1.11E-08
9000000.07,320,0.884,0.116,71.51582,47.4108,1.08E-08,1.23E-08
9000000.07,320,0.788,0.212,53.87694,75.17992,7.75E-09,9.89E-09
9000000.07,320,0.692,0.308,40.4582,95.58112,8.32E-09,6.62E-09
9000000.07,320,0.596,0.404,30.56194,110.80186,9.56E-09,8.02E-09
9000000.07,320,0.5,0.5,22.47644,123.4155,7.83E-09,6.86E-09
9000000.07,320,0.404,0.596,16.54286,131.77046,9.23E-09,5.50E-09
9000000.07,320,0.308,0.692,11.52592,139.61028,5.12E-09,5.85E-09
9000000.07,320,0.212,0.788,7.4891,146.02524,7.85E-09,5.97E-09
9000000.07,320,0.116,0.884,3.85218,151.32584,1.22E-08,5.81E-09
9000000.07,320,0.02,0.98,0.6627,156.40284,1.26E-08,5.53E-09
9000000.07,340,0.98,0.02,86.31212,7.19796,1.37E-08,1.28E-08
9000000.07,340,0.884,0.116,68.6707,36.8778,1.09E-08,1.40E-08
9000000.07,340,0.788,0.212,53.93278,60.881,1.12E-08,9.64E-09
9000000.07,340,0.692,0.308,41.95968,80.01586,8.89E-09,1.22E-08
9000000.07,340,0.596,0.404,32.23754,95.40616,1.33E-08,9.06E-09
9000000.07,340,0.5,0.5,24.407,107.80538,9.13E-09,8.75E-09
9000000.07,340,0.404,0.596,17.90186,118.05084,8.62E-09,7.31E-09
9000000.07,340,0.308,0.692,12.6794,126.3507,4.72E-09,8.65E-09
9000000.07,340,0.212,0.788,8.04362,133.6707,9.74E-09,7.11E-09
9000000.07,340,0.116,0.884,4.12326,140.15492,7.51E-09,7.40E-09
9000000.07,340,0.02,0.98,0.67174,145.30858,2.73E-09,7.67E-09
9000000.07,360,0.98,0.02,78.24634,5.4723,1.51E-08,1.32E-08
9000000.07,360,0.884,0.116,64.26756,28.9424,1.39E-08,9.47E-09
9000000.07,360,0.788,0.212,52.26668,49.18426,1.37E-08,1.32E-08
9000000.07,360,0.692,0.308,41.7992,66.44718,1.31E-08,1.10E-08
9000000.07,360,0.596,0.404,32.89772,81.08134,1.39E-08,9.62E-09
9000000.07,360,0.5,0.5,25.4827,93.22192,1.02E-08,1.05E-08
9000000.07,360,0.404,0.596,18.77052,104.13876,8.10E-09,1.00E-08
9000000.07,360,0.308,0.692,13.3544,112.99696,1.11E-08,1.05E-08
9000000.07,360,0.212,0.788,8.62276,120.70588,9.24E-09,1.15E-08
9000000.07,360,0.116,0.884,4.41284,127.38308,6.90E-09,8.61E-09
9000000.07,360,0.02,0.98,0.73246,133.35328,2.30E-09,1.00E-08
9000000.07,380,0.98,0.02,70.59322,4.25688,1.74E-08,8.08E-09
9000000.07,380,0.884,0.116,59.29248,23.06042,1.62E-08,1.47E-08
9000000.07,380,0.788,0.212,49.41908,39.87734,1.40E-08,1.55E-08
9000000.07,380,0.692,0.308,40.44812,55.12646,1.46E-08,1.45E-08
9000000.07,380,0.596,0.404,32.51606,68.35572,1.28E-08,1.34E-08
9000000.07,380,0.5,0.5,25.54634,79.95384,1.22E-08,1.15E-08
9000000.07,380,0.404,0.596,19.40432,90.08154,9.73E-09,1.28E-08
9000000.07,380,0.308,0.692,13.80628,99.47632,6.93E-09,1.12E-08
9000000.07,380,0.212,0.788,8.98264,107.7316,8.51E-09,1.14E-08
9000000.07,380,0.116,0.884,4.6602,114.7648,1.55E-08,9.02E-09
9000000.07,380,0.02,0.98,0.77208,121.41652,1.66E-08,8.77E-09
9000000.07,400,0.98,0.02,63.54754,3.39116,2.41E-08,1.12E-08
9000000.07,400,0.884,0.116,54.39944,18.78108,1.76E-08,1.97E-08
9000000.07,400,0.788,0.212,46.04374,32.84976,1.65E-08,1.58E-08
9000000.07,400,0.692,0.308,38.59064,45.8614,1.86E-08,1.41E-08
9000000.07,400,0.596,0.404,31.3518,57.51008,1.59E-08,1.28E-08
9000000.07,400,0.5,0.5,25.00476,68.23332,1.68E-08,1.22E-08
9000000.07,400,0.404,0.596,19.2242,77.981,1.86E-08,1.45E-08
9000000.07,400,0.308,0.692,13.84268,87.06542,2.08E-08,1.36E-08
9000000.07,400,0.212,0.788,9.09506,95.19654,1.33E-08,1.25E-08
9000000.07,400,0.116,0.884,4.72674,102.21534,1.69E-08,1.22E-08
9000000.07,400,0.02,0.98,0.78528,109.14442,2.70E-08,1.07E-08
10500000.07,200,0.98,0.02,126.11536,53.14334,1.46E-09,2.14E-09
10500000.07,200,0.884,0.116,67.00124,121.82418,1.64E-09,2.10E-09
10500000.07,200,0.788,0.212,43.45062,149.8043,1.33E-09,1.99E-09
10500000.07,200,0.692,0.308,29.92162,166.26532,1.34E-09,1.75E-09
10500000.07,200,0.596,0.404,25.22648,172.17954,1.12E-09,1.98E-09
10500000.07,200,0.5,0.5,22.31822,174.85834,1.30E-09,2.02E-09
10500000.07,200,0.404,0.596,18.56466,178.88042,1.00E-09,1.87E-09
10500000.07,200,0.308,0.692,15.64168,183.43766,1.34E-09,1.81E-09
10500000.07,200,0.212,0.788,11.85504,186.45872,9.32E-10,1.97E-09
10500000.07,200,0.116,0.884,7.0498,192.16796,6.80E-10,1.99E-09
10500000.07,200,0.02,0.98,1.58252,198.19952,1.27E-09,1.99E-09
10500000.07,220,0.98,0.02,125.06202,44.8699,2.49E-09,2.70E-09
10500000.07,220,0.884,0.116,64.0526,117.0979,2.04E-09,3.83E-09
10500000.07,220,0.788,0.212,44.0291,142.17686,1.78E-09,2.75E-09
10500000.07,220,0.692,0.308,35.8901,151.75304,1.86E-09,2.61E-09
10500000.07,220,0.596,0.404,30.46146,158.12682,1.33E-09,2.97E-09
10500000.07,220,0.5,0.5,24.2525,166.72182,1.40E-09,2.80E-09
10500000.07,220,0.404,0.596,20.08974,172.20156,1.35E-09,2.29E-09
10500000.07,220,0.308,0.692,16.00746,175.91192,1.65E-09,2.69E-09
10500000.07,220,0.212,0.788,11.84496,181.46396,1.60E-09,2.33E-09
10500000.07,220,0.116,0.884,7.0986,186.98562,1.26E-09,2.43E-09
10500000.07,220,0.02,0.98,1.48852,193.12836,1.02E-09,2.37E-09
10500000.07,240,0.98,0.02,123.83616,35.50668,3.69E-09,3.79E-09
10500000.07,240,0.884,0.116,65.85312,107.0737,3.03E-09,3.18E-09
10500000.07,240,0.788,0.212,44.6725,134.13962,2.60E-09,2.76E-09
10500000.07,240,0.692,0.308,33.80874,147.39954,2.10E-09,3.26E-09
10500000.07,240,0.596,0.404,29.97314,151.77628,2.61E-09,2.87E-09
10500000.07,240,0.5,0.5,24.92354,158.47736,2.19E-09,3.32E-09
10500000.07,240,0.404,0.596,20.8783,163.20088,3.05E-09,3.92E-09
10500000.07,240,0.308,0.692,16.78026,168.90738,2.45E-09,2.95E-09
10500000.07,240,0.212,0.788,12.32274,173.37454,1.07E-09,2.67E-09
10500000.07,240,0.116,0.884,7.15546,180.087,2.42E-09,3.07E-09
10500000.07,240,0.02,0.98,1.3073,187.28592,2.11E-09,2.62E-09
10500000.07,260,0.98,0.02,120.155,26.262,5.92E-09,7.02E-09
10500000.07,260,0.884,0.116,69.00656,93.55654,3.40E-09,5.05E-09
10500000.07,260,0.788,0.212,45.81278,123.51736,3.60E-09,4.30E-09
10500000.07,260,0.692,0.308,33.92588,139.3871,2.19E-09,3.39E-09
10500000.07,260,0.596,0.404,27.33262,147.81378,3.92E-09,3.64E-09
10500000.07,260,0.5,0.5,24.0644,152.18512,2.87E-09,3.60E-09
10500000.07,260,0.404,0.596,20.1212,157.03556,2.74E-09,3.47E-09
10500000.07,260,0.308,0.692,16.01452,162.20904,2.47E-09,3.58E-09
10500000.07,260,0.212,0.788,11.79018,167.80072,3.04E-09,3.27E-09
10500000.07,260,0.116,0.884,6.6037,174.01362,6.94E-10,3.70E-09
10500000.07,260,0.02,0.98,1.19288,180.35846,2.78E-08,3.51E-09
10500000.07,280,0.98,0.02,114.65994,18.54272,6.54E-09,5.74E-09
10500000.07,280,0.884,0.116,72.97582,76.86346,5.60E-09,5.82E-09
10500000.07,280,0.788,0.212,49.58404,107.93882,4.88E-09,5.39E-09
10500000.07,280,0.692,0.308,35.60612,127.55842,4.62E-09,4.90E-09
10500000.07,280,0.596,0.404,26.92106,139.605,2.63E-09,5.74E-09
10500000.07,280,0.5,0.5,21.46854,146.80174,4.77E-09,4.71E-09
10500000.07,280,0.404,0.596,17.29016,152.21648,3.81E-09,4.76E-09
10500000.07,280,0.308,0.692,14.48422,156.48186,2.98E-09,4.46E-09
10500000.07,280,0.212,0.788,10.81468,161.01644,3.64E-09,5.02E-09
10500000.07,280,0.116,0.884,6.52186,166.53048,3.64E-09,4.07E-09
10500000.07,280,0.02,0.98,1.15436,172.79062,5.00E-09,4.42E-09
10500000.07,300,0.98,0.02,106.96066,13.42102,9.36E-09,9.36E-09
10500000.07,300,0.884,0.116,74.78406,61.16526,7.58E-09,6.01E-09
10500000.07,300,0.788,0.212,53.3793,91.81028,7.17E-09,5.93E-09
10500000.07,300,0.692,0.308,39.46492,111.87236,6.52E-09,5.22E-09
10500000.07,300,0.596,0.404,29.28708,125.89854,4.70E-09,5.16E-09
10500000.07,300,0.5,0.5,22.15164,136.57724,6.61E-09,6.50E-09
10500000.07,300,0.404,0.596,16.26934,145.08394,6.51E-09,5.56E-09
10500000.07,300,0.308,0.692,12.1998,150.60388,7.89E-09,5.23E-09
10500000.07,300,0.212,0.788,8.94688,155.05266,2.96E-09,5.00E-09
10500000.07,300,0.116,0.884,5.25652,160.22442,2.72E-09,5.11E-09
10500000.07,300,0.02,0.98,1.05044,165.4243,2.23E-09,4.88E-09
10500000.07,320,0.98,0.02,99.03852,9.95282,1.34E-08,1.20E-08
10500000.07,320,0.884,0.116,74.303,48.16644,1.08E-08,8.68E-09
10500000.07,320,0.788,0.212,55.79226,76.09792,8.36E-09,7.51E-09
10500000.07,320,0.692,0.308,42.35642,96.11296,7.01E-09,8.66E-09
10500000.07,320,0.596,0.404,31.71282,111.71784,8.12E-09,6.88E-09
10500000.07,320,0.5,0.5,23.75152,123.41332,5.83E-09,6.72E-09
10500000.07,320,0.404,0.596,17.56974,132.43914,5.79E-09,7.26E-09
10500000.07,320,0.308,0.692,12.39108,140.09222,5.11E-09,6.37E-09
10500000.07,320,0.212,0.788,8.06246,146.4444,6.60E-09,6.43E-09
10500000.07,320,0.116,0.884,4.39206,152.46194,1.10E-09,7.13E-09
10500000.07,320,0.02,0.98,0.79174,157.1708,2.87E-09,5.75E-09
10500000.07,340,0.98,0.02,90.47646,7.46738,1.17E-08,1.41E-08
10500000.07,340,0.884,0.116,71.1963,38.31038,1.05E-08,1.11E-08
10500000.07,340,0.788,0.212,55.99022,62.14232,9.21E-09,1.10E-08
10500000.07,340,0.692,0.308,43.47058,81.7785,9.53E-09,1.19E-08
10500000.07,340,0.596,0.404,33.7264,96.60382,8.82E-09,9.77E-09
10500000.07,340,0.5,0.5,25.55252,109.33964,8.98E-09,7.08E-09
10500000.07,340,0.404,0.596,18.70996,119.77016,8.06E-09,7.17E-09
10500000.07,340,0.308,0.692,13.38474,127.54932,6.51E-09,8.43E-09
10500000.07,340,0.212,0.788,8.5077,135.45058,6.55E-09,8.61E-09
10500000.07,340,0.116,0.884,4.43758,141.71098,5.84E-09,8.34E-09
10500000.07,340,0.02,0.98,0.73324,147.22994,2.45E-09,6.66E-09
10500000.07,360,0.98,0.02,82.51362,5.73908,1.34E-08,6.41E-09
10500000.07,360,0.884,0.116,67.50614,30.2484,1.40E-08,1.15E-08
10500000.07,360,0.788,0.212,54.61196,51.03646,1.34E-08,1.35E-08
10500000.07,360,0.692,0.308,43.66878,68.5518,1.00E-08,1.04E-08
10500000.07,360,0.596,0.404,34.36124,83.42254,1.36E-08,9.23E-09
10500000.07,360,0.5,0.5,26.584,95.59196,9.33E-09,8.30E-09
10500000.07,360,0.404,0.596,19.77622,106.3184,9.56E-09,9.47E-09
10500000.07,360,0.308,0.692,14.09606,115.1558,6.77E-09,9.00E-09
10500000.07,360,0.212,0.788,9.05212,123.25556,6.48E-09,9.31E-09
10500000.07,360,0.116,0.884,4.66972,130.10148,6.92E-09,8.60E-09
10500000.07,360,0.02,0.98,0.76978,136.19146,4.59E-09,8.54E-09
10500000.07,380,0.98,0.02,75.1538,4.52654,1.59E-08,1.36E-08
10500000.07,380,0.884,0.116,63.00788,24.5838,1.42E-08,1.50E-08
10500000.07,380,0.788,0.212,52.24858,42.05654,1.62E-08,9.87E-09
10500000.07,380,0.692,0.308,42.49934,57.71108,1.27E-08,1.09E-08
10500000.07,380,0.596,0.404,34.1311,71.25194,1.49E-08,1.15E-08
10500000.07,380,0.5,0.5,26.7228,83.05348,1.29E-08,9.95E-09
10500000.07,380,0.404,0.596,20.2668,93.56558,7.37E-09,1.08E-08
10500000.07,380,0.308,0.692,14.48818,102.81728,4.60E-09,1.33E-08
10500000.07,380,0.212,0.788,9.41986,110.99512,1.20E-08,1.07E-08
10500000.07,380,0.116,0.884,4.8618,118.4863,1.50E-08,9.17E-09
10500000.07,380,0.02,0.98,0.7966,124.81516,8.49E-09,1.10E-08
10500000.07,400,0.98,0.02,68.09768,3.60794,2.01E-08,1.68E-08
10500000.07,400,0.884,0.116,58.3947,19.87936,1.41E-08,2.18E-08
10500000.07,400,0.788,0.212,49.1381,34.8944,1.89E-08,1.77E-08
10500000.07,400,0.692,0.308,40.71602,48.4826,1.80E-08,1.36E-08
10500000.07,400,0.596,0.404,33.06056,60.92086,1.65E-08,1.48E-08
10500000.07,400,0.5,0.5,26.25182,71.7882,2.03E-08,1.72E-08
10500000.07,400,0.404,0.596,20.2754,81.4876,1.53E-08,1.32E-08
10500000.07,400,0.308,0.692,14.61214,90.86394,1.15E-08,1.18E-08
10500000.07,400,0.212,0.788,9.51476,99.13216,1.58E-08,1.38E-08
10500000.07,400,0.116,0.884,4.99168,106.54414,1.28E-08,1.02E-08
10500000.07,400,0.02,0.98,0.81406,113.11596,1.04E-08,1.22E-08
12000000.06,200,0.98,0.02,128.28378,51.07824,1.53E-09,1.87E-09
12000000.06,200,0.884,0.116,65.94566,123.51086,1.55E-09,2.08E-09
12000000.06,200,0.788,0.212,42.78386,150.54094,1.62E-09,1.78E-09
12000000.06,200,0.692,0.308,32.97004,161.78048,1.14E-09,2.00E-09
12000000.06,200,0.596,0.404,27.11418,170.90178,1.26E-09,1.92E-09
12000000.06,200,0.5,0.5,21.94232,175.6727,1.32E-09,1.73E-09
12000000.06,200,0.404,0.596,18.36928,180.93306,1.31E-09,2.01E-09
12000000.06,200,0.308,0.692,15.59482,182.97032,1.34E-09,1.81E-09
12000000.06,200,0.212,0.788,12.52498,186.99362,1.07E-09,1.92E-09
12000000.06,200,0.116,0.884,7.21964,192.34528,3.41E-10,1.96E-09
12000000.06,200,0.02,0.98,1.52316,200.15492,1.45E-09,1.61E-09
12000000.06,220,0.98,0.02,128.27836,42.02556,2.64E-09,3.05E-09
12000000.06,220,0.884,0.116,69.27116,111.71526,2.24E-09,2.19E-09
12000000.06,220,0.788,0.212,46.4397,139.51344,1.81E-09,2.41E-09
12000000.06,220,0.692,0.308,35.07732,153.20006,1.23E-09,2.86E-09
12000000.06,220,0.596,0.404,29.79152,159.34604,1.91E-09,2.60E-09
12000000.06,220,0.5,0.5,25.00776,165.38942,1.87E-09,2.62E-09
12000000.06,220,0.404,0.596,20.16598,172.55234,1.32E-09,2.36E-09
12000000.06,220,0.308,0.692,16.36094,175.85276,1.65E-09,2.69E-09
12000000.06,220,0.212,0.788,12.25994,181.1863,1.79E-09,2.11E-09
12000000.06,220,0.116,0.884,7.66298,186.3108,1.36E-09,2.41E-09
12000000.06,220,0.02,0.98,1.4261,193.48126,4.12E-09,2.55E-09
12000000.06,240,0.98,0.02,126.00874,33.65688,3.63E-09,3.31E-09
12000000.06,240,0.884,0.116,70.16414,102.81762,2.92E-09,3.73E-09
12000000.06,240,0.788,0.212,47.43236,130.87036,2.74E-09,3.30E-09
12000000.06,240,0.692,0.308,37.30228,143.35732,1.54E-09,3.39E-09
12000000.06,240,0.596,0.404,31.32978,151.27066,3.37E-09,3.52E-09
12000000.06,240,0.5,0.5,25.64788,157.80994,1.25E-09,3.75E-09
12000000.06,240,0.404,0.596,21.38178,163.122,3.05E-09,3.92E-09
12000000.06,240,0.308,0.692,16.56504,169.17392,1.09E-09,2.45E-09
12000000.06,240,0.212,0.788,11.9911,173.84422,1.50E-09,3.00E-09
12000000.06,240,0.116,0.884,7.24152,180.66612,1.98E-09,3.11E-09
12000000.06,240,0.02,0.98,1.32764,187.23412,2.15E-09,2.63E-09
12000000.06,260,0.98,0.02,122.59564,24.93854,5.76E-09,4.19E-09
12000000.06,260,0.884,0.116,72.81568,90.1039,4.35E-09,4.11E-09
12000000.06,260,0.788,0.212,49.36504,120.02406,3.78E-09,3.81E-09
12000000.06,260,0.692,0.308,36.80334,136.18772,3.70E-09,3.98E-09
12000000.06,260,0.596,0.404,30.25506,144.72098,3.94E-09,3.76E-09
12000000.06,260,0.5,0.5,25.3635,150.97854,2.89E-09,3.31E-09
12000000.06,260,0.404,0.596,20.35448,157.78918,3.99E-09,3.37E-09
12000000.06,260,0.308,0.692,16.65968,161.66198,3.42E-09,3.64E-09
12000000.06,260,0.212,0.788,11.75558,168.11376,3.25E-09,3.31E-09
12000000.06,260,0.116,0.884,6.8598,174.83542,2.42E-09,3.75E-09
12000000.06,260,0.02,0.98,1.24588,180.27496,2.32E-09,3.88E-09
12000000.06,280,0.98,0.02,117.02542,18.45008,6.94E-09,7.21E-09
12000000.06,280,0.884,0.116,75.73156,75.0889,5.48E-09,7.26E-09
12000000.06,280,0.788,0.212,52.46002,106.34302,3.97E-09,5.61E-09
12000000.06,280,0.692,0.308,38.70446,124.73938,4.13E-09,4.62E-09
12000000.06,280,0.596,0.404,29.63666,136.45852,4.01E-09,4.94E-09
12000000.06,280,0.5,0.5,23.51456,145.10558,3.57E-09,5.54E-09
12000000.06,280,0.404,0.596,19.0627,150.9028,4.80E-09,4.50E-09
12000000.06,280,0.308,0.692,15.62174,155.5274,2.95E-09,4.35E-09
12000000.06,280,0.212,0.788,11.2387,161.18042,3.64E-09,5.02E-09
12000000.06,280,0.116,0.884,6.6584,166.6176,3.64E-09,4.07E-09
12000000.06,280,0.02,0.98,1.22168,173.58132,5.22E-10,3.88E-09
12000000.06,300,0.98,0.02,110.2633,13.41846,7.91E-09,5.56E-09
12000000.06,300,0.884,0.116,77.28392,60.66592,8.02E-09,6.85E-09
12000000.06,300,0.788,0.212,55.8643,91.02254,7.01E-09,6.45E-09
12000000.06,300,0.692,0.308,41.77786,110.38096,3.25E-09,6.72E-09
12000000.06,300,0.596,0.404,30.96002,125.53776,5.36E-09,5.35E-09
12000000.06,300,0.5,0.5,23.6748,135.52174,3.86E-09,5.43E-09
12000000.06,300,0.404,0.596,17.98352,143.40158,2.82E-09,6.20E-09
12000000.06,300,0.308,0.692,13.57132,149.58338,3.24E-09,5.14E-09
12000000.06,300,0.212,0.788,9.85534,154.86422,7.26E-09,4.89E-09
12000000.06,300,0.116,0.884,5.8443,159.95496,3.49E-09,4.55E-09
12000000.06,300,0.02,0.98,1.07994,165.9225,4.03E-09,4.67E-09
12000000.06,320,0.98,0.02,102.08486,10.0829,1.06E-08,9.71E-09
12000000.06,320,0.884,0.116,76.57402,48.75768,9.73E-09,7.66E-09
12000000.06,320,0.788,0.212,57.5341,76.62786,7.47E-09,8.13E-09
12000000.06,320,0.692,0.308,43.64578,97.0078,6.80E-09,7.98E-09
12000000.06,320,0.596,0.404,33.4026,111.74938,4.76E-09,6.71E-09
12000000.06,320,0.5,0.5,24.97156,123.83224,5.64E-09,6.97E-09
12000000.06,320,0.404,0.596,18.43142,133.14734,7.74E-09,6.94E-09
12000000.06,320,0.308,0.692,13.35488,140.55926,7.33E-09,6.11E-09
12000000.06,320,0.212,0.788,8.96902,146.5552,6.08E-09,5.41E-09
12000000.06,320,0.116,0.884,4.86142,152.58504,3.83E-09,5.78E-09
12000000.06,320,0.02,0.98,0.90786,157.39416,7.43E-09,5.81E-09
12000000.06,340,0.98,0.02,94.05688,7.65062,1.33E-08,1.32E-08
12000000.06,340,0.884,0.116,73.81488,38.84868,9.57E-09,9.77E-09
12000000.06,340,0.788,0.212,57.88904,63.52918,9.47E-09,6.85E-09
12000000.06,340,0.692,0.308,45.23244,82.60314,8.40E-09,7.59E-09
12000000.06,340,0.596,0.404,34.82258,98.17464,8.13E-09,9.02E-09
12000000.06,340,0.5,0.5,26.57578,110.6314,9.24E-09,7.35E-09
12000000.06,340,0.404,0.596,19.81414,120.33538,7.62E-09,7.57E-09
12000000.06,340,0.308,0.692,13.92568,129.3736,4.95E-09,6.02E-09
12000000.06,340,0.212,0.788,9.06022,136.43684,7.05E-09,7.41E-09
12000000.06,340,0.116,0.884,4.71694,142.7681,6.51E-09,6.02E-09
12000000.06,340,0.02,0.98,0.81254,148.45818,1.34E-09,7.42E-09
12000000.06,360,0.98,0.02,86.43366,5.9559,1.22E-08,4.55E-09
12000000.06,360,0.884,0.116,70.16684,31.44234,1.12E-08,1.15E-08
12000000.06,360,0.788,0.212,56.73542,52.68236,1.15E-08,1.06E-08
12000000.06,360,0.692,0.308,45.33602,70.10418,9.36E-09,9.69E-09
12000000.06,360,0.596,0.404,35.81016,84.71324,9.31E-09,1.15E-08
12000000.06,360,0.5,0.5,27.50774,97.5696,6.39E-09,1.02E-08
12000000.06,360,0.404,0.596,20.56522,108.34346,9.24E-09,9.76E-09
12000000.06,360,0.308,0.692,14.61166,117.17318,6.69E-09,9.93E-09
12000000.06,360,0.212,0.788,9.50116,125.04048,8.28E-09,8.60E-09
12000000.06,360,0.116,0.884,4.91712,132.2196,7.12E-09,9.06E-09
12000000.06,360,0.02,0.98,0.81672,138.29266,9.40E-10,6.85E-09
12000000.06,380,0.98,0.02,79.18106,4.75148,1.79E-08,2.22E-08
12000000.06,380,0.884,0.116,66.1632,25.53972,1.61E-08,1.37E-08
12000000.06,380,0.788,0.212,54.71962,43.56538,1.41E-08,1.33E-08
12000000.06,380,0.692,0.308,44.56164,59.41128,1.28E-08,1.29E-08
12000000.06,380,0.596,0.404,35.61438,73.20994,1.45E-08,1.07E-08
12000000.06,380,0.5,0.5,27.75622,85.53024,1.25E-08,1.30E-08
12000000.06,380,0.404,0.596,20.96374,96.16734,1.43E-08,9.53E-09
12000000.06,380,0.308,0.692,15.17128,105.32866,1.04E-08,9.20E-09
12000000.06,380,0.212,0.788,9.84426,113.4787,1.58E-08,8.92E-09
12000000.06,380,0.116,0.884,5.07116,121.07242,1.21E-08,1.01E-08
12000000.06,380,0.02,0.98,0.83066,127.19382,3.02E-08,9.71E-09
12000000.06,400,0.98,0.02,72.13792,3.84144,2.00E-08,5.90E-09
12000000.06,400,0.884,0.116,61.40206,21.0171,2.01E-08,1.67E-08
12000000.06,400,0.788,0.212,51.45702,36.61066,1.74E-08,1.31E-08
12000000.06,400,0.692,0.308,42.82088,50.3816,1.76E-08,1.31E-08
12000000.06,400,0.596,0.404,34.6683,63.38918,1.28E-08,1.48E-08
12000000.06,400,0.5,0.5,27.5442,74.4912,1.67E-08,1.21E-08
12000000.06,400,0.404,0.596,21.16958,84.52984,1.11E-08,1.34E-08
12000000.06,400,0.308,0.692,15.18672,93.96356,1.10E-08,1.07E-08
12000000.06,400,0.212,0.788,9.97686,102.029,5.73E-09,1.08E-08
12000000.06,400,0.116,0.884,5.21458,109.78678,6.95E-09,1.10E-08
12000000.06,400,0.02,0.98,0.86072,116.52438,3.54E-09,1.36E-08
13500000.06,200,0.98,0.02,129.50882,50.05208,1.61E-09,2.19E-09
13500000.06,200,0.884,0.116,68.84638,120.20334,1.81E-09,2.04E-09
13500000.06,200,0.788,0.212,43.62714,149.38738,1.37E-09,1.86E-09
13500000.06,200,0.692,0.308,29.88626,167.3146,8.61E-10,1.91E-09
13500000.06,200,0.596,0.404,26.99812,169.58926,1.31E-09,1.84E-09
13500000.06,200,0.5,0.5,23.14728,174.61508,1.11E-09,1.93E-09
13500000.06,200,0.404,0.596,19.88972,178.39982,2.20E-09,1.83E-09
13500000.06,200,0.308,0.692,16.17068,182.86054,1.14E-09,2.06E-09
13500000.06,200,0.212,0.788,12.49158,187.67498,8.06E-10,1.81E-09
13500000.06,200,0.116,0.884,7.97136,192.99076,1.13E-09,1.67E-09
13500000.06,200,0.02,0.98,2.04298,199.12506,1.18E-09,1.75E-09
13500000.06,220,0.98,0.02,130.96776,39.45638,2.24E-09,2.93E-09
13500000.06,220,0.884,0.116,72.93226,108.80378,2.55E-09,2.52E-09
13500000.06,220,0.788,0.212,48.80924,135.78344,2.14E-09,2.44E-09
13500000.06,220,0.692,0.308,37.58936,150.997,2.12E-09,2.39E-09
13500000.06,220,0.596,0.404,29.59906,160.6449,1.63E-09,2.49E-09
13500000.06,220,0.5,0.5,25.36092,164.59628,2.12E-09,2.73E-09
13500000.06,220,0.404,0.596,20.5819,171.68998,6.13E-10,2.14E-09
13500000.06,220,0.308,0.692,15.97,177.07846,8.08E-10,2.26E-09
13500000.06,220,0.212,0.788,12.75472,181.35572,1.47E-09,2.55E-09
13500000.06,220,0.116,0.884,7.48332,186.9027,1.65E-09,2.48E-09
13500000.06,220,0.02,0.98,1.46298,192.3741,1.65E-09,2.41E-09
13500000.06,240,0.98,0.02,129.07326,31.32612,3.45E-09,3.91E-09
13500000.06,240,0.884,0.116,73.1566,99.7445,2.32E-09,3.19E-09
13500000.06,240,0.788,0.212,51.6281,126.52986,2.57E-09,2.96E-09
13500000.06,240,0.692,0.308,39.68182,141.27838,2.68E-09,2.53E-09
13500000.06,240,0.596,0.404,31.9438,150.57928,1.89E-09,3.28E-09
13500000.06,240,0.5,0.5,26.30054,157.91464,3.27E-09,3.17E-09
13500000.06,240,0.404,0.596,21.85154,162.6589,2.57E-09,2.86E-09
13500000.06,240,0.308,0.692,17.08396,168.7366,2.29E-09,3.49E-09
13500000.06,240,0.212,0.788,12.16488,174.58196,2.11E-09,3.25E-09
13500000.06,240,0.116,0.884,7.3579,180.0339,1.74E-09,3.10E-09
13500000.06,240,0.02,0.98,1.43468,186.87432,3.33E-09,2.72E-09
13500000.06,260,0.98,0.02,125.2685,23.8866,5.48E-09,4.31E-09
13500000.06,260,0.884,0.116,75.88492,87.68752,5.30E-09,4.52E-09
13500000.06,260,0.788,0.212,53.07004,116.36344,4.14E-09,4.10E-09
13500000.06,260,0.692,0.308,39.9889,132.4717,3.44E-09,4.15E-09
13500000.06,260,0.596,0.404,31.96622,142.8859,2.63E-09,4.05E-09
13500000.06,260,0.5,0.5,26.51754,150.12696,3.25E-09,3.75E-09
13500000.06,260,0.404,0.596,21.74094,156.45216,2.85E-09,3.39E-09
13500000.06,260,0.308,0.692,16.48312,162.1485,2.89E-09,4.02E-09
13500000.06,260,0.212,0.788,11.94608,167.9812,2.48E-09,3.39E-09
13500000.06,260,0.116,0.884,7.02804,173.4678,2.34E-09,4.04E-09
13500000.06,260,0.02,0.98,1.31436,180.4445,4.87E-10,3.92E-09
13500000.06,280,0.98,0.02,119.49128,17.72762,7.04E-09,6.20E-09
13500000.06,280,0.884,0.116,78.16442,73.91718,5.44E-09,4.99E-09
13500000.06,280,0.788,0.212,55.53128,103.6257,4.46E-09,5.21E-09
13500000.06,280,0.692,0.308,41.15194,122.4831,4.66E-09,4.45E-09
13500000.06,280,0.596,0.404,31.71462,135.01548,5.24E-09,4.36E-09
13500000.06,280,0.5,0.5,25.15012,143.55664,3.83E-09,4.31E-09
13500000.06,280,0.404,0.596,20.58818,149.46742,3.99E-09,5.06E-09
13500000.06,280,0.308,0.692,16.01376,155.67122,2.69E-09,4.67E-09
13500000.06,280,0.212,0.788,11.6842,161.116,2.55E-09,4.73E-09
13500000.06,280,0.116,0.884,6.621,166.87602,5.49E-09,4.77E-09
13500000.06,280,0.02,0.98,1.22846,173.83344,3.92E-10,4.67E-09
13500000.06,300,0.98,0.02,112.42368,13.36042,9.32E-09,9.12E-09
13500000.06,300,0.884,0.116,79.2925,60.59364,7.28E-09,7.87E-09
13500000.06,300,0.788,0.212,57.63838,90.43184,6.51E-09,6.62E-09
13500000.06,300,0.692,0.308,43.30036,109.9791,5.53E-09,5.80E-09
13500000.06,300,0.596,0.404,33.02542,123.93886,5.65E-09,5.09E-09
13500000.06,300,0.5,0.5,25.10524,134.8476,6.18E-09,5.30E-09
13500000.06,300,0.404,0.596,19.55974,142.28906,4.47E-09,4.96E-09
13500000.06,300,0.308,0.692,14.81918,148.79256,4.24E-09,4.92E-09
13500000.06,300,0.212,0.788,10.82668,153.89928,2.80E-09,4.47E-09
13500000.06,300,0.116,0.884,6.07644,159.82536,3.24E-09,4.29E-09
13500000.06,300,0.02,0.98,1.12228,166.54034,3.93E-09,4.30E-09
13500000.06,320,0.98,0.02,105.15058,10.08018,1.17E-08,8.67E-09
13500000.06,320,0.884,0.116,78.85834,48.7645,8.12E-09,8.68E-09
13500000.06,320,0.788,0.212,59.41714,76.54052,1.03E-08,8.48E-09
13500000.06,320,0.692,0.308,45.5827,96.25354,5.57E-09,6.71E-09
13500000.06,320,0.596,0.404,34.99296,111.3109,6.94E-09,7.34E-09
13500000.06,320,0.5,0.5,26.28062,123.47262,6.08E-09,6.94E-09
13500000.06,320,0.404,0.596,19.59582,132.68704,8.71E-09,6.70E-09
13500000.06,320,0.308,0.692,14.3051,140.36868,6.36E-09,5.55E-09
13500000.06,320,0.212,0.788,9.62078,146.5546,9.16E-09,5.47E-09
13500000.06,320,0.116,0.884,5.36682,152.61346,5.38E-09,6.93E-09
13500000.06,320,0.02,0.98,0.99818,158.50752,9.39E-09,5.86E-09
13500000.06,340,0.98,0.02,96.9838,7.75606,1.20E-08,9.71E-09
13500000.06,340,0.884,0.116,76.34124,39.39932,1.02E-08,1.14E-08
13500000.06,340,0.788,0.212,59.9124,63.8478,1.06E-08,1.02E-08
13500000.06,340,0.692,0.308,46.64888,83.6284,7.42E-09,1.04E-08
13500000.06,340,0.596,0.404,35.9915,98.82844,6.75E-09,8.96E-09
13500000.06,340,0.5,0.5,27.6074,111.36154,9.76E-09,8.18E-09
13500000.06,340,0.404,0.596,20.5844,121.39956,7.99E-09,6.83E-09
13500000.06,340,0.308,0.692,14.7208,129.92316,8.13E-09,7.49E-09
13500000.06,340,0.212,0.788,9.58388,137.1337,4.19E-09,6.97E-09
13500000.06,340,0.116,0.884,5.14198,143.44794,8.45E-09,7.14E-09
13500000.06,340,0.02,0.98,0.89222,149.6642,1.74E-09,6.47E-09
13500000.06,360,0.98,0.02,89.54846,6.1389,1.68E-08,4.69E-09
13500000.06,360,0.884,0.116,72.7918,31.98904,1.50E-08,9.66E-09
13500000.06,360,0.788,0.212,58.46264,53.79452,8.23E-09,1.22E-08
13500000.06,360,0.692,0.308,46.80392,71.36304,1.05E-08,1.10E-08
13500000.06,360,0.596,0.404,36.74168,86.3327,1.26E-08,1.03E-08
13500000.06,360,0.5,0.5,28.71602,98.60168,1.54E-08,8.67E-09
13500000.06,360,0.404,0.596,21.24754,109.56996,1.06E-08,8.74E-09
13500000.06,360,0.308,0.692,15.2331,118.62718,4.87E-09,8.69E-09
13500000.06,360,0.212,0.788,9.8907,126.5084,7.19E-09,9.47E-09
13500000.06,360,0.116,0.884,5.20668,133.22288,6.79E-09,8.76E-09
13500000.06,360,0.02,0.98,0.8646,139.76868,7.36E-09,8.09E-09
13500000.06,380,0.98,0.02,82.33014,4.93096,2.01E-08,1.14E-08
13500000.06,380,0.884,0.116,68.6139,26.41332,1.22E-08,1.59E-08
13500000.06,380,0.788,0.212,56.50912,44.95694,1.33E-08,1.09E-08
13500000.06,380,0.692,0.308,46.18512,60.92348,1.13E-08,1.16E-08
13500000.06,380,0.596,0.404,36.72692,75.05226,1.02E-08,1.27E-08
13500000.06,380,0.5,0.5,28.78382,87.24052,1.44E-08,1.31E-08
13500000.06,380,0.404,0.596,21.96914,97.661,1.13E-08,1.05E-08
13500000.06,380,0.308,0.692,15.65926,107.22572,9.78E-09,9.55E-09
13500000.06,380,0.212,0.788,10.29188,115.11134,1.10E-08,1.08E-08
13500000.06,380,0.116,0.884,5.33704,122.83808,1.04E-08,9.68E-09
13500000.06,380,0.02,0.98,0.8728,129.5982,3.74E-08,7.82E-09
13500000.06,400,0.98,0.02,75.71676,3.9929,1.66E-08,2.13E-08
13500000.06,400,0.884,0.116,64.13516,21.81294,1.53E-08,1.88E-08
13500000.06,400,0.788,0.212,53.90614,37.9938,1.62E-08,1.23E-08
13500000.06,400,0.692,0.308,44.51796,52.34,1.54E-08,1.37E-08
13500000.06,400,0.596,0.404,36.20714,65.08246,1.82E-08,1.31E-08
13500000.06,400,0.5,0.5,28.66834,76.58472,1.75E-08,1.22E-08
13500000.06,400,0.404,0.596,21.93772,86.80224,8.64E-09,1.34E-08
13500000.06,400,0.308,0.692,15.7759,96.4194,1.06E-08,1.20E-08
13500000.06,400,0.212,0.788,10.38162,104.75674,6.39E-09,1.15E-08
13500000.06,400,0.116,0.884,5.4301,112.31248,1.21E-09,1.25E-08
13500000.06,400,0.02,0.98,0.902,119.29388,1.58E-08,1.10E-08
15000000.05,200,0.98,0.02,130.54288,49.65706,1.59E-09,1.81E-09
15000000.05,200,0.884,0.116,71.02882,118.1563,1.37E-09,1.89E-09
15000000.05,200,0.788,0.212,46.89134,145.70882,1.53E-09,2.00E-09
15000000.05,200,0.692,0.308,32.3646,164.01576,1.34E-09,1.95E-09
15000000.05,200,0.596,0.404,26.99456,169.90342,1.83E-09,1.96E-09
15000000.05,200,0.5,0.5,23.1949,175.15184,1.29E-09,1.96E-09
15000000.05,200,0.404,0.596,18.77986,180.39276,2.25E-09,1.85E-09
15000000.05,200,0.308,0.692,14.50674,184.9786,1.68E-09,1.69E-09
15000000.05,200,0.212,0.788,12.30176,187.80864,1.17E-09,1.97E-09
15000000.05,200,0.116,0.884,7.8463,191.05908,1.21E-09,1.95E-09
15000000.05,200,0.02,0.98,1.71936,198.8152,9.32E-11,1.79E-09
15000000.05,220,0.98,0.02,132.18974,38.51732,2.57E-09,3.39E-09
15000000.05,220,0.884,0.116,74.70802,105.9008,2.14E-09,3.05E-09
15000000.05,220,0.788,0.212,50.6231,135.11014,7.63E-10,2.44E-09
15000000.05,220,0.692,0.308,38.30832,150.66418,1.77E-09,2.50E-09
15000000.05,220,0.596,0.404,31.36134,158.65484,2.12E-09,2.41E-09
15000000.05,220,0.5,0.5,26.39048,164.661,1.98E-09,2.66E-09
15000000.05,220,0.404,0.596,20.80104,170.58494,1.78E-09,2.61E-09
15000000.05,220,0.308,0.692,16.43388,176.6941,1.52E-09,2.72E-09
15000000.05,220,0.212,0.788,11.9392,182.02872,1.87E-09,2.53E-09
15000000.05,220,0.116,0.884,7.16078,187.60828,1.63E-09,2.46E-09
15000000.05,220,0.02,0.98,1.406,194.7517,2.04E-09,1.92E-09
15000000.05,240,0.98,0.02,131.10364,30.25264,3.61E-09,3.98E-09
15000000.05,240,0.884,0.116,76.83094,95.87422,3.25E-09,3.60E-09
15000000.05,240,0.788,0.212,53.9532,124.24592,2.80E-09,3.58E-09
15000000.05,240,0.692,0.308,42.00686,138.58582,2.08E-09,2.39E-09
15000000.05,240,0.596,0.404,32.1968,150.34834,2.07E-09,3.55E-09
15000000.05,240,0.5,0.5,26.9424,157.76346,2.84E-09,2.66E-09
15000000.05,240,0.404,0.596,22.38768,162.62192,2.63E-09,2.80E-09
15000000.05,240,0.308,0.692,16.64448,169.66584,3.82E-09,2.83E-09
15000000.05,240,0.212,0.788,12.36714,174.99178,2.99E-09,2.98E-09
15000000.05,240,0.116,0.884,7.18958,179.9779,2.42E-09,3.07E-09
15000000.05,240,0.02,0.98,1.3281,188.01042,5.99E-10,2.82E-09
15000000.05,260,0.98,0.02,127.24112,23.28166,5.51E-09,3.82E-09
15000000.05,260,0.884,0.116,78.54774,84.95526,4.08E-09,4.42E-09
15000000.05,260,0.788,0.212,54.86398,114.57862,3.29E-09,4.18E-09
15000000.05,260,0.692,0.308,41.91694,130.62358,3.60E-09,3.64E-09
15000000.05,260,0.596,0.404,33.33308,142.00256,2.88E-09,5.20E-09
15000000.05,260,0.5,0.5,27.68254,148.72082,3.35E-09,3.29E-09
15000000.05,260,0.404,0.596,21.96394,156.21232,2.85E-09,3.39E-09
15000000.05,260,0.308,0.692,17.78682,161.40846,3.47E-09,3.43E-09
15000000.05,260,0.212,0.788,12.6912,167.1267,4.77E-09,3.51E-09
15000000.05,260,0.116,0.884,7.1717,173.62338,2.53E-09,3.97E-09
15000000.05,260,0.02,0.98,1.37284,181.16642,8.86E-10,3.24E-09
15000000.05,280,0.98,0.02,121.70826,17.4675,6.44E-09,8.69E-09
15000000.05,280,0.884,0.116,80.47158,72.31286,5.20E-09,5.03E-09
15000000.05,280,0.788,0.212,57.94228,101.94996,3.84E-09,4.78E-09
15000000.05,280,0.692,0.308,43.25064,120.69282,3.30E-09,4.91E-09
15000000.05,280,0.596,0.404,33.96736,133.00648,4.18E-09,5.07E-09
15000000.05,280,0.5,0.5,26.84664,142.09232,3.79E-09,4.02E-09
15000000.05,280,0.404,0.596,21.75704,148.69496,5.52E-09,4.20E-09
15000000.05,280,0.308,0.692,16.67926,154.61896,2.81E-09,4.56E-09
15000000.05,280,0.212,0.788,11.88554,161.23256,6.80E-09,4.08E-09
15000000.05,280,0.116,0.884,6.91566,166.90692,3.91E-09,4.41E-09
15000000.05,280,0.02,0.98,1.26498,173.83548,5.22E-10,3.88E-09
15000000.05,300,0.98,0.02,114.99364,13.19312,1.01E-08,3.20E-09
15000000.05,300,0.884,0.116,81.13176,60.17506,7.27E-09,6.54E-09
15000000.05,300,0.788,0.212,59.8352,89.05114,5.52E-09,5.86E-09
15000000.05,300,0.692,0.308,44.71064,109.28382,4.73E-09,6.77E-09
15000000.05,300,0.596,0.404,34.59024,122.983,5.04E-09,5.14E-09
15000000.05,300,0.5,0.5,26.65874,133.43328,4.80E-09,5.86E-09
15000000.05,300,0.404,0.596,20.729,141.5356,4.99E-09,6.16E-09
15000000.05,300,0.308,0.692,15.84924,147.9897,6.42E-09,4.69E-09
15000000.05,300,0.212,0.788,11.10674,154.30752,3.32E-09,4.94E-09
15000000.05,300,0.116,0.884,6.37614,160.30404,3.49E-09,4.55E-09
15000000.05,300,0.02,0.98,1.1329,166.87916,7.20E-09,4.95E-09
15000000.05,320,0.98,0.02,107.33984,10.14696,1.20E-08,1.38E-08
15000000.05,320,0.884,0.116,80.47938,49.00454,9.29E-09,8.76E-09
15000000.05,320,0.788,0.212,61.02438,76.31106,9.54E-09,7.40E-09
15000000.05,320,0.692,0.308,47.22802,95.81778,6.62E-09,6.77E-09
15000000.05,320,0.596,0.404,36.08398,110.98588,5.75E-09,5.98E-09
15000000.05,320,0.5,0.5,27.3853,123.44546,6.16E-09,5.90E-09
15000000.05,320,0.404,0.596,20.82078,132.46926,5.44E-09,5.85E-09
15000000.05,320,0.308,0.692,15.33866,140.04422,6.02E-09,5.41E-09
15000000.05,320,0.212,0.788,10.22704,146.8678,5.71E-09,6.01E-09
15000000.05,320,0.116,0.884,5.78492,152.8618,5.51E-09,5.47E-09
15000000.05,320,0.02,0.98,1.05292,159.0476,1.03E-09,6.27E-09
15000000.05,340,0.98,0.02,100.1341,7.90754,1.18E-08,1.18E-08
15000000.05,340,0.884,0.116,78.64868,39.82102,1.23E-08,9.80E-09
15000000.05,340,0.788,0.212,61.5982,64.56756,9.05E-09,9.01E-09
15000000.05,340,0.692,0.308,48.05826,83.70492,1.01E-08,8.01E-09
15000000.05,340,0.596,0.404,37.20632,99.12674,5.42E-09,7.47E-09
15000000.05,340,0.5,0.5,28.54788,111.6094,9.76E-09,8.33E-09
15000000.05,340,0.404,0.596,21.43102,121.8794,1.01E-08,8.13E-09
15000000.05,340,0.308,0.692,15.48816,130.30798,9.46E-09,6.85E-09
15000000.05,340,0.212,0.788,10.1325,137.8901,9.38E-09,7.74E-09
15000000.05,340,0.116,0.884,5.4576,144.07814,5.23E-09,6.74E-09
15000000.05,340,0.02,0.98,0.9558,150.09966,4.88E-09,7.39E-09
15000000.05,360,0.98,0.02,92.36096,6.30256,1.34E-08,6.02E-09
15000000.05,360,0.884,0.116,75.05436,32.73648,1.45E-08,1.33E-08
15000000.05,360,0.788,0.212,60.5064,54.27052,1.19E-08,1.22E-08
15000000.05,360,0.692,0.308,48.24144,72.30218,1.20E-08,9.88E-09
15000000.05,360,0.596,0.404,38.005,87.3041,8.96E-09,9.53E-09
15000000.05,360,0.5,0.5,29.61686,99.41598,9.72E-09,9.00E-09
15000000.05,360,0.404,0.596,22.27748,110.18972,1.02E-08,7.99E-09
15000000.05,360,0.308,0.692,15.92726,119.71306,9.15E-09,1.01E-08
15000000.05,360,0.212,0.788,10.33232,128.0505,1.26E-08,8.82E-09
15000000.05,360,0.116,0.884,5.41438,134.7376,8.02E-10,8.53E-09
15000000.05,360,0.02,0.98,0.90254,141.6576,1.98E-08,8.91E-09
15000000.05,380,0.98,0.02,85.55016,5.06828,1.70E-08,2.50E-08
15000000.05,380,0.884,0.116,71.01668,27.01742,1.49E-08,1.27E-08
15000000.05,380,0.788,0.212,58.47906,45.93306,1.47E-08,1.20E-08
15000000.05,380,0.692,0.308,47.45784,62.4096,1.47E-08,1.31E-08
15000000.05,380,0.596,0.404,38.10378,76.43152,1.19E-08,1.08E-08
15000000.05,380,0.5,0.5,29.74032,88.8041,8.50E-09,1.06E-08
15000000.05,380,0.404,0.596,22.51366,99.5153,7.38E-09,9.20E-09
15000000.05,380,0.308,0.692,16.06848,109.12588,9.65E-09,9.26E-09
15000000.05,380,0.212,0.788,10.64946,117.05974,1.03E-08,1.04E-08
15000000.05,380,0.116,0.884,5.54458,124.89062,6.47E-09,9.54E-09
15000000.05,380,0.02,0.98,0.92112,131.40346,2.05E-08,9.34E-09
15000000.05,400,0.98,0.02,78.88076,4.16666,1.86E-08,1.20E-08
15000000.05,400,0.884,0.116,66.79868,22.55994,1.54E-08,1.30E-08
15000000.05,400,0.788,0.212,56.05732,38.9965,1.65E-08,6.63E-09
15000000.05,400,0.692,0.308,46.01462,53.84832,1.51E-08,1.29E-08
15000000.05,400,0.596,0.404,37.49874,66.7752,1.21E-08,1.17E-08
15000000.05,400,0.5,0.5,29.51974,78.7417,1.18E-08,1.16E-08
15000000.05,400,0.404,0.596,22.67234,89.11208,1.15E-08,1.09E-08
15000000.05,400,0.308,0.692,16.31726,98.40954,1.36E-08,1.05E-08
15000000.05,400,0.212,0.788,10.73694,106.71258,9.45E-09,9.78E-09
15000000.05,400,0.116,0.884,5.61746,114.34144,2.00E-08,1.06E-08
15000000.05,400,0.02,0.98,0.93422,121.21854,2.07E-09,1.05E-08
16500000.05,200,0.98,0.02,130.92414,48.83272,1.67E-09,2.26E-09
16500000.05,200,0.884,0.116,73.08346,115.41106,1.52E-09,1.58E-09
16500000.05,200,0.788,0.212,45.85846,147.62552,1.33E-09,1.94E-09
16500000.05,200,0.692,0.308,34.14782,161.49606,1.30E-09,2.14E-09
16500000.05,200,0.596,0.404,25.75052,171.96884,1.48E-09,1.61E-09
16500000.05,200,0.5,0.5,22.18844,176.20298,1.40E-09,1.70E-09
16500000.05,200,0.404,0.596,18.6751,180.8625,6.80E-10,1.74E-09
16500000.05,200,0.308,0.692,15.19092,183.71538,2.06E-09,1.95E-09
16500000.05,200,0.212,0.788,12.66832,187.55534,1.09E-09,1.83E-09
16500000.05,200,0.116,0.884,7.5344,193.06832,1.32E-09,1.66E-09
16500000.05,200,0.02,0.98,1.5072,200.92606,1.87E-09,1.92E-09
16500000.05,220,0.98,0.02,134.15746,36.8452,2.54E-09,3.00E-09
16500000.05,220,0.884,0.116,75.77986,105.49026,1.68E-09,2.53E-09
16500000.05,220,0.788,0.212,51.82656,133.55638,1.46E-09,2.93E-09
16500000.05,220,0.692,0.308,39.60344,148.13392,2.51E-09,2.25E-09
16500000.05,220,0.596,0.404,30.74118,158.97896,2.12E-09,2.41E-09
16500000.05,220,0.5,0.5,26.53286,164.085,2.17E-09,2.51E-09
16500000.05,220,0.404,0.596,20.4288,171.92576,2.00E-09,2.43E-09
16500000.05,220,0.308,0.692,16.24702,176.37512,8.70E-10,2.51E-09
16500000.05,220,0.212,0.788,12.24034,181.46026,1.60E-09,2.33E-09
16500000.05,220,0.116,0.884,7.77526,186.78836,7.65E-10,2.22E-09
16500000.05,220,0.02,0.98,1.47938,194.64892,2.04E-09,1.92E-09
16500000.05,240,0.98,0.02,133.02724,28.5786,3.06E-09,3.94E-09
16500000.05,240,0.884,0.116,79.12628,93.62322,3.00E-09,3.43E-09
16500000.05,240,0.788,0.212,55.38562,122.43338,2.58E-09,3.27E-09
16500000.05,240,0.692,0.308,42.38714,138.35586,2.19E-09,3.07E-09
16500000.05,240,0.596,0.404,33.7333,148.73566,2.26E-09,3.92E-09
16500000.05,240,0.5,0.5,27.64004,156.4121,1.87E-09,2.70E-09
16500000.05,240,0.404,0.596,22.00114,163.2154,2.63E-09,2.80E-09
16500000.05,240,0.308,0.692,17.04924,169.58494,1.88E-09,3.21E-09
16500000.05,240,0.212,0.788,12.11616,175.32914,2.99E-09,2.98E-09
16500000.05,240,0.116,0.884,7.61428,180.11678,1.45E-09,3.08E-09
16500000.05,240,0.02,0.98,1.34564,188.02372,5.99E-10,2.82E-09
16500000.05,260,0.98,0.02,128.99182,22.1244,4.71E-09,7.02E-09
16500000.05,260,0.884,0.116,80.82912,83.51042,3.32E-09,4.90E-09
16500000.05,260,0.788,0.212,57.7138,111.49204,3.51E-09,3.92E-09
16500000.05,260,0.692,0.308,43.42674,129.6799,3.24E-09,3.52E-09
16500000.05,260,0.596,0.404,34.94564,140.11082,2.62E-09,4.91E-09
16500000.05,260,0.5,0.5,28.69768,147.85718,2.91E-09,3.37E-09
16500000.05,260,0.404,0.596,22.3393,155.94694,2.85E-09,3.39E-09
16500000.05,260,0.308,0.692,17.6762,161.98956,3.19E-09,3.48E-09
16500000.05,260,0.212,0.788,12.10752,168.5725,1.64E-09,3.73E-09
16500000.05,260,0.116,0.884,7.13378,174.38082,2.53E-09,3.97E-09
16500000.05,260,0.02,0.98,1.36508,180.72338,8.86E-10,3.24E-09
16500000.05,280,0.98,0.02,123.23594,17.02948,7.40E-09,6.65E-09
16500000.05,280,0.884,0.116,82.58198,70.5085,5.61E-09,5.46E-09
16500000.05,280,0.788,0.212,59.60984,100.39728,4.29E-09,4.92E-09
16500000.05,280,0.692,0.308,45.5179,118.63442,4.03E-09,4.69E-09
16500000.05,280,0.596,0.404,34.94368,132.08326,4.81E-09,4.68E-09
16500000.05,280,0.5,0.5,28.2626,140.62394,4.17E-09,5.21E-09
16500000.05,280,0.404,0.596,22.31544,148.42612,3.94E-09,4.27E-09
16500000.05,280,0.308,0.692,17.34766,154.77214,2.81E-09,4.56E-09
16500000.05,280,0.212,0.788,12.10226,161.43024,6.80E-09,4.08E-09
16500000.05,280,0.116,0.884,7.15352,167.0998,3.91E-09,4.41E-09
16500000.05,280,0.02,0.98,1.2484,173.69394,5.22E-10,3.88E-09
16500000.05,300,0.98,0.02,116.4722,13.01008,8.78E-09,6.88E-09
16500000.05,300,0.884,0.116,83.2639,59.156,7.52E-09,8.31E-09
16500000.05,300,0.788,0.212,61.30252,88.61672,6.23E-09,4.42E-09
16500000.05,300,0.692,0.308,46.98368,107.51594,5.85E-09,5.83E-09
16500000.05,300,0.596,0.404,35.84308,122.3242,5.58E-09,6.66E-09
16500000.05,300,0.5,0.5,28.21348,132.44442,4.03E-09,6.04E-09
16500000.05,300,0.404,0.596,21.86352,141.0739,3.87E-09,4.92E-09
16500000.05,300,0.308,0.692,16.60184,147.61724,7.46E-09,5.64E-09
16500000.05,300,0.212,0.788,11.61684,154.05874,3.79E-09,4.86E-09
16500000.05,300,0.116,0.884,6.57404,160.31464,3.90E-09,4.65E-09
16500000.05,300,0.02,0.98,1.18438,167.24974,7.20E-09,4.95E-09
16500000.05,320,0.98,0.02,109.73538,10.15354,9.99E-09,1.17E-08
16500000.05,320,0.884,0.116,82.71068,48.64714,8.90E-09,7.75E-09
16500000.05,320,0.788,0.212,62.6466,76.2438,4.84E-09,7.23E-09
16500000.05,320,0.692,0.308,48.13954,95.90714,6.47E-09,7.22E-09
16500000.05,320,0.596,0.404,37.44138,110.6928,4.62E-09,6.41E-09
16500000.05,320,0.5,0.5,28.82174,122.60388,5.79E-09,5.92E-09
16500000.05,320,0.404,0.596,21.77522,131.84112,6.23E-09,6.75E-09
16500000.05,320,0.308,0.692,15.99234,140.04352,7.88E-09,6.08E-09
16500000.05,320,0.212,0.788,10.99518,146.24714,4.47E-09,6.29E-09
16500000.05,320,0.116,0.884,6.14654,152.91282,5.51E-09,5.47E-09
16500000.05,320,0.02,0.98,1.09784,159.13652,1.03E-09,6.27E-09
16500000.05,340,0.98,0.02,102.46192,7.9918,1.12E-08,1.79E-08
16500000.05,340,0.884,0.116,80.37482,40.10662,8.36E-09,1.06E-08
16500000.05,340,0.788,0.212,62.6885,65.03366,1.04E-08,8.71E-09
16500000.05,340,0.692,0.308,49.39668,83.91142,9.51E-09,7.51E-09
16500000.05,340,0.596,0.404,38.44152,99.53012,8.81E-09,7.62E-09
16500000.05,340,0.5,0.5,29.6838,111.72692,7.93E-09,7.45E-09
16500000.05,340,0.404,0.596,22.22058,121.96914,6.33E-09,7.56E-09
16500000.05,340,0.308,0.692,15.99596,130.80272,9.18E-09,6.85E-09
16500000.05,340,0.212,0.788,10.62886,138.27946,1.11E-09,7.13E-09
16500000.05,340,0.116,0.884,5.81212,144.6411,8.31E-09,6.56E-09
16500000.05,340,0.02,0.98,0.99468,151.32752,3.84E-09,6.88E-09
16500000.05,360,0.98,0.02,95.09522,6.38868,1.40E-08,1.16E-08
16500000.05,360,0.884,0.116,76.9125,33.15366,1.36E-08,1.21E-08
16500000.05,360,0.788,0.212,62.07626,54.90576,1.36E-08,1.06E-08
16500000.05,360,0.692,0.308,49.42194,73.1591,1.04E-08,1.14E-08
16500000.05,360,0.596,0.404,39.21032,88.0328,9.43E-09,1.16E-08
16500000.05,360,0.5,0.5,30.22956,100.72788,7.46E-09,9.24E-09
16500000.05,360,0.404,0.596,22.8818,111.0414,9.64E-09,9.30E-09
16500000.05,360,0.308,0.692,16.49592,120.42264,9.15E-09,1.01E-08
16500000.05,360,0.212,0.788,10.81268,128.4704,1.42E-08,7.77E-09
16500000.05,360,0.116,0.884,5.73594,135.83182,7.63E-09,8.81E-09
16500000.05,360,0.02,0.98,0.95016,142.1494,7.06E-10,8.40E-09
16500000.05,380,0.98,0.02,88.07968,5.21748,1.45E-08,6.82E-09
16500000.05,380,0.884,0.116,73.10934,27.56642,1.42E-08,1.32E-08
16500000.05,380,0.788,0.212,60.24528,46.75754,1.22E-08,1.23E-08
16500000.05,380,0.692,0.308,48.93348,63.34942,1.02E-08,1.29E-08
16500000.05,380,0.596,0.404,39.1155,77.84516,1.11E-08,1.09E-08
16500000.05,380,0.5,0.5,30.55624,89.989,1.33E-08,1.02E-08
16500000.05,380,0.404,0.596,23.2122,100.92978,9.14E-09,1.05E-08
16500000.05,380,0.308,0.692,16.80296,109.82016,1.35E-08,9.16E-09
16500000.05,380,0.212,0.788,10.91226,118.79516,1.76E-08,9.28E-09
16500000.05,380,0.116,0.884,5.74916,125.84274,1.04E-08,9.02E-09
16500000.05,380,0.02,0.98,0.95474,132.94522,6.76E-09,9.92E-09
16500000.05,400,0.98,0.02,81.58042,4.30222,1.64E-08,1.33E-08
16500000.05,400,0.884,0.116,68.96688,23.2751,1.61E-08,1.73E-08
16500000.05,400,0.788,0.212,57.60696,40.1839,1.76E-08,1.09E-08
16500000.05,400,0.692,0.308,47.4867,55.16452,1.19E-08,1.08E-08
16500000.05,400,0.596,0.404,38.50172,68.27856,1.35E-08,1.01E-08
16500000.05,400,0.5,0.5,30.54082,80.02562,1.52E-08,1.05E-08
16500000.05,400,0.404,0.596,23.28322,90.405,1.13E-08,1.46E-08
16500000.05,400,0.308,0.692,16.86856,100.03642,1.12E-08,1.28E-08
16500000.05,400,0.212,0.788,11.13934,108.3033,8.90E-09,1.05E-08
16500000.05,400,0.116,0.884,5.83578,116.28236,2.17E-08,7.84E-09
16500000.05,400,0.02,0.98,0.96608,123.28354,1.27E-08,9.28E-09
18000000.04,200,0.98,0.02,132.02308,48.53792,1.75E-09,1.10E-09
18000000.04,200,0.884,0.116,74.86952,114.14122,1.74E-09,2.23E-09
18000000.04,200,0.788,0.212,46.28422,146.44362,1.86E-09,2.21E-09
18000000.04,200,0.692,0.308,31.929,164.49298,1.34E-09,1.95E-09
18000000.04,200,0.596,0.404,27.77966,168.9435,1.14E-09,1.81E-09
18000000.04,200,0.5,0.5,22.57046,175.84056,1.19E-09,1.96E-09
18000000.04,200,0.404,0.596,20.10364,178.43292,1.29E-09,2.14E-09
18000000.04,200,0.308,0.692,15.8915,182.38416,1.13E-09,2.13E-09
18000000.04,200,0.212,0.788,11.34022,188.76604,1.17E-09,1.93E-09
18000000.04,200,0.116,0.884,7.23852,192.98776,1.75E-09,2.01E-09
18000000.04,200,0.02,0.98,1.59264,200.22526,1.31E-09,1.73E-09
18000000.04,220,0.98,0.02,136.03908,35.79756,2.29E-09,3.29E-09
18000000.04,220,0.884,0.116,78.97844,102.64636,2.06E-09,2.63E-09
18000000.04,220,0.788,0.212,53.938,131.99704,1.81E-09,2.37E-09
18000000.04,220,0.692,0.308,39.80966,148.71254,1.60E-09,2.58E-09
18000000.04,220,0.596,0.404,33.4952,156.21054,1.68E-09,2.38E-09
18000000.04,220,0.5,0.5,25.55812,165.38972,1.98E-09,2.66E-09
18000000.04,220,0.404,0.596,20.4528,171.8532,2.11E-09,1.96E-09
18000000.04,220,0.308,0.692,16.8655,176.58734,1.44E-09,2.63E-09
18000000.04,220,0.212,0.788,12.18984,182.4579,1.88E-09,2.41E-09
18000000.04,220,0.116,0.884,7.59956,186.79006,7.43E-10,2.14E-09
18000000.04,220,0.02,0.98,1.4471,194.00056,3.02E-09,2.49E-09
18000000.04,240,0.98,0.02,134.8272,27.75156,3.46E-09,4.71E-09
18000000.04,240,0.884,0.116,80.71926,92.77088,2.71E-09,3.34E-09
18000000.04,240,0.788,0.212,57.22978,120.46592,3.11E-09,3.05E-09
18000000.04,240,0.692,0.308,43.7734,137.0556,2.47E-09,3.20E-09
18000000.04,240,0.596,0.404,35.7779,146.89774,2.30E-09,2.88E-09
18000000.04,240,0.5,0.5,26.82296,158.10916,2.84E-09,2.66E-09
18000000.04,240,0.404,0.596,23.3241,161.91034,2.29E-09,2.78E-09
18000000.04,240,0.308,0.692,17.65532,168.87786,1.94E-09,2.95E-09
18000000.04,240,0.212,0.788,12.3892,175.30358,2.99E-09,2.98E-09
18000000.04,240,0.116,0.884,7.56936,180.6171,2.85E-09,2.78E-09
18000000.04,240,0.02,0.98,1.43936,187.67048,5.99E-10,2.82E-09
18000000.04,260,0.98,0.02,130.50898,21.54816,5.01E-09,5.98E-09
18000000.04,260,0.884,0.116,83.36104,80.72782,4.92E-09,4.13E-09
18000000.04,260,0.788,0.212,59.91964,109.8141,3.49E-09,4.10E-09
18000000.04,260,0.692,0.308,45.16398,128.19898,3.54E-09,3.09E-09
18000000.04,260,0.596,0.404,36.3048,138.95002,3.17E-09,3.57E-09
18000000.04,260,0.5,0.5,29.54654,147.49212,2.46E-09,3.07E-09
18000000.04,260,0.404,0.596,23.33722,155.03804,2.51E-09,3.43E-09
18000000.04,260,0.308,0.692,18.23572,161.17534,3.47E-09,3.43E-09
18000000.04,260,0.212,0.788,12.68108,168.51422,1.75E-09,4.20E-09
18000000.04,260,0.116,0.884,7.2651,174.62786,2.29E-09,3.69E-09
18000000.04,260,0.02,0.98,1.32074,181.90584,1.92E-09,3.06E-09
18000000.04,280,0.98,0.02,125.00436,16.84136,6.91E-09,6.70E-09
18000000.04,280,0.884,0.116,84.49774,69.72644,5.44E-09,5.12E-09
18000000.04,280,0.788,0.212,61.29346,99.10278,4.16E-09,4.84E-09
18000000.04,280,0.692,0.308,46.70322,118.10154,5.13E-09,4.61E-09
18000000.04,280,0.596,0.404,37.2277,129.68976,3.99E-09,3.78E-09
18000000.04,280,0.5,0.5,29.14834,139.9992,5.36E-09,4.24E-09
18000000.04,280,0.404,0.596,23.3591,147.47672,3.38E-09,4.25E-09
18000000.04,280,0.308,0.692,17.8578,154.34686,3.87E-09,4.82E-09
18000000.04,280,0.212,0.788,12.56342,160.8745,4.67E-09,4.40E-09
18000000.04,280,0.116,0.884,6.88098,167.82702,2.98E-09,4.12E-09
18000000.04,280,0.02,0.98,1.2744,174.63628,1.58E-09,4.16E-09
18000000.04,300,0.98,0.02,118.69628,12.94868,8.10E-09,1.08E-08
18000000.04,300,0.884,0.116,85.3713,58.09034,5.76E-09,6.56E-09
18000000.04,300,0.788,0.212,63.32058,87.19148,4.72E-09,6.37E-09
18000000.04,300,0.692,0.308,48.10286,107.24746,4.91E-09,4.58E-09
18000000.04,300,0.596,0.404,37.06308,121.78258,4.22E-09,6.67E-09
18000000.04,300,0.5,0.5,29.43,131.52154,4.33E-09,5.41E-09
18000000.04,300,0.404,0.596,23.00092,140.14528,4.00E-09,5.01E-09
18000000.04,300,0.308,0.692,16.99384,147.95776,7.46E-09,5.64E-09
18000000.04,300,0.212,0.788,12.05582,154.0155,3.79E-09,4.86E-09
18000000.04,300,0.116,0.884,6.77512,160.63194,3.89E-09,5.00E-09
18000000.04,300,0.02,0.98,1.22392,167.43822,3.93E-09,4.30E-09
18000000.04,320,0.98,0.02,111.66006,10.20828,9.96E-09,1.07E-08
18000000.04,320,0.884,0.116,84.2863,48.20806,8.01E-09,7.25E-09
18000000.04,320,0.788,0.212,64.20682,75.52854,6.60E-09,5.93E-09
18000000.04,320,0.692,0.308,49.53896,95.4324,7.92E-09,8.12E-09
18000000.04,320,0.596,0.404,38.54544,110.61454,5.43E-09,5.53E-09
18000000.04,320,0.5,0.5,30.11032,121.89734,6.43E-09,6.12E-09
18000000.04,320,0.404,0.596,22.7611,131.34978,6.17E-09,6.87E-09
18000000.04,320,0.308,0.692,16.9215,139.38574,6.21E-09,6.36E-09
18000000.04,320,0.212,0.788,11.50234,146.79414,4.00E-09,6.00E-09
18000000.04,320,0.116,0.884,6.41062,153.66014,6.05E-09,6.22E-09
18000000.04,320,0.02,0.98,1.14976,159.94234,1.22E-08,4.56E-09
18000000.04,340,0.98,0.02,104.55838,8.03244,1.13E-08,9.05E-09
18000000.04,340,0.884,0.116,81.85716,40.3428,1.06E-08,1.29E-08
18000000.04,340,0.788,0.212,64.67716,64.61562,1.05E-08,1.01E-08
18000000.04,340,0.692,0.308,50.6844,84.25578,8.59E-09,8.46E-09
18000000.04,340,0.596,0.404,39.44304,99.67916,7.41E-09,7.94E-09
18000000.04,340,0.5,0.5,30.52446,111.96068,7.41E-09,7.51E-09
18000000.04,340,0.404,0.596,23.0364,122.15946,6.65E-09,7.50E-09
18000000.04,340,0.308,0.692,16.8127,130.60696,8.37E-09,8.52E-09
18000000.04,340,0.212,0.788,11.31264,137.99408,5.80E-09,6.98E-09
18000000.04,340,0.116,0.884,6.03546,145.60528,8.80E-09,6.24E-09
18000000.04,340,0.02,0.98,1.05956,151.94104,7.04E-10,5.78E-09
18000000.04,360,0.98,0.02,97.38534,6.47892,1.33E-08,1.93E-08
18000000.04,360,0.884,0.116,78.90842,33.46,1.29E-08,7.42E-09
18000000.04,360,0.788,0.212,63.48362,55.5975,1.23E-08,1.07E-08
18000000.04,360,0.692,0.308,50.98714,73.54288,7.78E-09,9.39E-09
18000000.04,360,0.596,0.404,40.1156,88.84258,8.67E-09,9.29E-09
18000000.04,360,0.5,0.5,31.29776,101.07946,1.41E-08,1.05E-08
18000000.04,360,0.404,0.596,23.57952,111.9623,8.06E-09,1.06E-08
18000000.04,360,0.308,0.692,17.06476,121.13288,5.19E-09,8.59E-09
18000000.04,360,0.212,0.788,11.25604,129.24294,7.12E-09,8.60E-09
18000000.04,360,0.116,0.884,5.92166,136.78746,7.09E-09,7.14E-09
18000000.04,360,0.02,0.98,1.0232,142.93348,1.66E-08,7.92E-09
18000000.04,380,0.98,0.02,90.60568,5.3193,1.54E-08,1.28E-08
18000000.04,380,0.884,0.116,75.08938,28.06588,1.39E-08,8.04E-09
18000000.04,380,0.788,0.212,61.72462,47.59096,1.43E-08,1.18E-08
18000000.04,380,0.692,0.308,49.99402,64.40186,1.26E-08,1.20E-08
18000000.04,380,0.596,0.404,40.19182,78.36602,1.13E-08,1.01E-08
18000000.04,380,0.5,0.5,31.4188,91.06182,9.45E-09,1.13E-08
18000000.04,380,0.404,0.596,23.9294,101.50282,9.74E-09,1.11E-08
18000000.04,380,0.308,0.692,17.27832,111.41814,1.14E-08,1.14E-08
18000000.04,380,0.212,0.788,11.38218,119.6768,1.04E-08,9.96E-09
18000000.04,380,0.116,0.884,6.00006,126.94266,1.92E-08,9.71E-09
18000000.04,380,0.02,0.98,0.99728,134.4424,1.75E-08,7.49E-09
18000000.04,400,0.98,0.02,84.12618,4.43428,1.75E-08,1.46E-08
18000000.04,400,0.884,0.116,71.04288,23.73764,1.50E-08,1.18E-08
18000000.04,400,0.788,0.212,59.2794,40.90834,1.44E-08,1.46E-08
18000000.04,400,0.692,0.308,48.88998,55.98496,1.01E-08,1.32E-08
18000000.04,400,0.596,0.404,39.67384,69.41576,1.30E-08,1.14E-08
18000000.04,400,0.5,0.5,31.43604,81.27144,1.31E-08,9.75E-09
18000000.04,400,0.404,0.596,23.98316,91.89504,1.16E-08,1.33E-08
18000000.04,400,0.308,0.692,17.28198,101.71764,8.81E-09,1.19E-08
18000000.04,400,0.212,0.788,11.45618,109.81488,1.09E-08,1.04E-08
18000000.04,400,0.116,0.884,6.01194,117.75032,1.75E-08,1.07E-08
18000000.04,400,0.02,0.98,0.99808,125.27142,1.45E-08,9.10E-09
19500000.04,200,0.98,0.02,133.67424,46.93146,2.11E-09,1.79E-09
19500000.04,200,0.884,0.116,74.64218,114.3714,1.65E-09,1.79E-09
19500000.04,200,0.788,0.212,49.9218,142.9854,1.38E-09,1.54E-09
19500000.04,200,0.692,0.308,35.45688,161.19046,1.37E-09,1.71E-09
19500000.04,200,0.596,0.404,27.66838,169.93062,7.72E-10,1.95E-09
19500000.04,200,0.5,0.5,21.88368,178.19802,1.36E-09,2.05E-09
19500000.04,200,0.404,0.596,19.37546,180.2685,1.42E-09,1.72E-09
19500000.04,200,0.308,0.692,16.7014,182.57808,1.05E-09,1.62E-09
19500000.04,200,0.212,0.788,11.46776,189.26178,1.17E-09,1.93E-09
19500000.04,200,0.116,0.884,7.92378,192.69298,1.32E-09,1.66E-09
19500000.04,200,0.02,0.98,1.53776,199.4325,9.32E-11,1.79E-09
19500000.04,220,0.98,0.02,136.16194,35.6871,2.29E-09,3.29E-09
19500000.04,220,0.884,0.116,79.38932,102.03086,1.60E-09,2.50E-09
19500000.04,220,0.788,0.212,55.11126,131.02688,2.06E-09,2.83E-09
19500000.04,220,0.692,0.308,42.31584,146.74474,1.52E-09,2.16E-09
19500000.04,220,0.596,0.404,33.1342,157.73246,1.98E-09,2.14E-09
19500000.04,220,0.5,0.5,25.9261,165.42166,1.98E-09,2.66E-09
19500000.04,220,0.404,0.596,21.49698,171.0134,1.78E-09,2.61E-09
19500000.04,220,0.308,0.692,17.32224,175.82018,1.00E-09,2.34E-09
19500000.04,220,0.212,0.788,12.63108,180.93252,1.05E-09,2.28E-09
19500000.04,220,0.116,0.884,7.57638,187.0752,7.43E-10,2.14E-09
19500000.04,220,0.02,0.98,1.50832,195.24536,5.43E-10,2.51E-09
19500000.04,240,0.98,0.02,135.99886,27.26498,4.00E-09,2.97E-09
19500000.04,240,0.884,0.116,82.9487,90.32798,3.12E-09,4.67E-09
19500000.04,240,0.788,0.212,59.2753,118.86272,2.31E-09,2.93E-09
19500000.04,240,0.692,0.308,44.27458,136.24954,2.06E-09,2.86E-09
19500000.04,240,0.596,0.404,35.22652,147.68412,2.34E-09,2.83E-09
19500000.04,240,0.5,0.5,28.56966,155.30846,2.48E-09,3.28E-09
19500000.04,240,0.404,0.596,22.94152,163.42136,2.13E-09,3.27E-09
19500000.04,240,0.308,0.692,17.47854,169.5654,3.82E-09,2.83E-09
19500000.04,240,0.212,0.788,13.09864,174.86254,1.82E-09,2.70E-09
19500000.04,240,0.116,0.884,7.55114,180.61866,2.85E-09,2.78E-09
19500000.04,240,0.02,0.98,1.4417,187.70032,5.99E-10,2.82E-09
19500000.04,260,0.98,0.02,132.2491,20.7606,4.58E-09,5.24E-09
19500000.04,260,0.884,0.116,85.68808,79.08218,3.85E-09,3.84E-09
19500000.04,260,0.788,0.212,60.97734,108.6033,4.13E-09,4.86E-09
19500000.04,260,0.692,0.308,46.80068,126.0188,3.82E-09,3.96E-09
19500000.04,260,0.596,0.404,37.388,137.76616,3.76E-09,4.38E-09
19500000.04,260,0.5,0.5,30.02066,146.90328,2.46E-09,3.07E-09
19500000.04,260,0.404,0.596,23.60572,155.25888,3.65E-09,3.18E-09
19500000.04,260,0.308,0.692,18.0959,162.03266,3.19E-09,3.48E-09
19500000.04,260,0.212,0.788,13.1471,167.7162,2.38E-09,3.58E-09
19500000.04,260,0.116,0.884,7.4545,174.26138,6.94E-10,3.70E-09
19500000.04,260,0.02,0.98,1.33506,180.88284,8.86E-10,3.24E-09
19500000.04,280,0.98,0.02,126.57528,16.2494,5.45E-09,5.66E-09
19500000.04,280,0.884,0.116,86.16698,68.38536,5.56E-09,5.20E-09
19500000.04,280,0.788,0.212,63.50864,97.36364,3.88E-09,5.49E-09
19500000.04,280,0.692,0.308,48.04528,117.31106,4.55E-09,4.02E-09
19500000.04,280,0.596,0.404,38.00744,129.61552,4.63E-09,4.46E-09
19500000.04,280,0.5,0.5,30.2908,139.1938,4.30E-09,4.46E-09
19500000.04,280,0.404,0.596,23.78266,147.41384,3.19E-09,4.75E-09
19500000.04,280,0.308,0.692,18.0791,154.4993,3.87E-09,4.82E-09
19500000.04,280,0.212,0.788,12.6865,161.1318,4.67E-09,4.40E-09
19500000.04,280,0.116,0.884,7.35328,167.08494,3.91E-09,4.41E-09
19500000.04,280,0.02,0.98,1.28796,174.67552,5.31E-09,4.59E-09
19500000.04,300,0.98,0.02,120.53546,12.7745,6.97E-09,9.05E-09
19500000.04,300,0.884,0.116,86.7036,57.87724,7.55E-09,5.22E-09
19500000.04,300,0.788,0.212,65.36492,86.0161,6.02E-09,6.40E-09
19500000.04,300,0.692,0.308,49.13136,106.83346,5.28E-09,5.10E-09
19500000.04,300,0.596,0.404,38.9326,120.27914,5.63E-09,5.84E-09
19500000.04,300,0.5,0.5,30.1404,131.44782,6.00E-09,5.68E-09
19500000.04,300,0.404,0.596,23.59338,139.63518,4.99E-09,4.79E-09
19500000.04,300,0.308,0.692,17.72954,146.89116,3.57E-09,4.57E-09
19500000.04,300,0.212,0.788,12.49302,154.07834,3.79E-09,4.86E-09
19500000.04,300,0.116,0.884,6.9445,160.84894,3.89E-09,5.00E-09
19500000.04,300,0.02,0.98,1.19316,168.13462,2.29E-09,5.12E-09
19500000.04,320,0.98,0.02,113.43228,10.10334,1.08E-08,5.48E-09
19500000.04,320,0.884,0.116,86.08868,47.98206,7.86E-09,8.82E-09
19500000.04,320,0.788,0.212,65.9867,75.09572,7.42E-09,7.05E-09
19500000.04,320,0.692,0.308,50.94642,94.98794,4.50E-09,7.44E-09
19500000.04,320,0.596,0.404,39.74926,110.051,7.15E-09,6.24E-09
19500000.04,320,0.5,0.5,30.80422,122.10676,7.77E-09,6.05E-09
19500000.04,320,0.404,0.596,23.60308,131.58602,5.94E-09,6.30E-09
19500000.04,320,0.308,0.692,17.27786,139.92536,5.09E-09,6.36E-09
19500000.04,320,0.212,0.788,11.95752,146.78292,5.64E-09,6.41E-09
19500000.04,320,0.116,0.884,6.56324,153.40424,4.97E-09,5.73E-09
19500000.04,320,0.02,0.98,1.16968,160.21044,1.22E-08,4.56E-09
19500000.04,340,0.98,0.02,106.37318,8.09474,1.20E-08,1.52E-08
19500000.04,340,0.884,0.116,83.64458,40.36466,9.98E-09,9.82E-09
19500000.04,340,0.788,0.212,65.93004,64.95606,7.98E-09,9.31E-09
19500000.04,340,0.692,0.308,52.07628,83.81136,6.71E-09,8.74E-09
19500000.04,340,0.596,0.404,40.47562,99.5358,7.24E-09,7.18E-09
19500000.04,340,0.5,0.5,31.30908,112.39814,7.41E-09,7.51E-09
19500000.04,340,0.404,0.596,24.12234,121.74926,6.47E-09,7.13E-09
19500000.04,340,0.308,0.692,17.52128,130.85674,6.30E-09,6.81E-09
19500000.04,340,0.212,0.788,11.57796,138.78414,5.06E-09,6.21E-09
19500000.04,340,0.116,0.884,6.26192,145.72674,8.80E-09,6.24E-09
19500000.04,340,0.02,0.98,1.09152,152.49868,7.04E-10,5.78E-09
19500000.04,360,0.98,0.02,99.4659,6.54088,1.26E-08,4.49E-09
19500000.04,360,0.884,0.116,80.57334,33.8785,1.12E-08,1.44E-08
19500000.04,360,0.788,0.212,64.89186,55.9399,9.84E-09,1.23E-08
19500000.04,360,0.692,0.308,52.07136,73.79648,9.91E-09,1.06E-08
19500000.04,360,0.596,0.404,41.20102,88.99876,9.15E-09,1.05E-08
19500000.04,360,0.5,0.5,32.36864,101.34708,9.12E-09,9.38E-09
19500000.04,360,0.404,0.596,24.42432,112.1886,8.06E-09,1.06E-08
19500000.04,360,0.308,0.692,17.55546,121.57648,8.57E-09,7.55E-09
19500000.04,360,0.212,0.788,11.64322,130.05658,1.07E-08,8.59E-09
19500000.04,360,0.116,0.884,6.16998,137.27612,7.09E-09,7.14E-09
19500000.04,360,0.02,0.98,1.05738,144.00688,2.10E-08,7.69E-09
19500000.04,380,0.98,0.02,92.69554,5.39508,1.67E-08,2.22E-08
19500000.04,380,0.884,0.116,76.8347,28.39164,1.55E-08,8.79E-09
19500000.04,380,0.788,0.212,63.1584,48.0754,1.31E-08,9.03E-09
19500000.04,380,0.692,0.308,51.34568,64.87974,9.99E-09,1.07E-08
19500000.04,380,0.596,0.404,41.35732,79.3484,1.19E-08,1.04E-08
19500000.04,380,0.5,0.5,32.34716,91.84976,1.04E-08,8.26E-09
19500000.04,380,0.404,0.596,24.5332,102.79506,1.39E-08,9.91E-09
19500000.04,380,0.308,0.692,17.6213,112.53758,7.40E-09,9.16E-09
19500000.04,380,0.212,0.788,11.68554,120.67532,1.42E-08,1.02E-08
19500000.04,380,0.116,0.884,6.1696,128.48936,1.20E-08,1.02E-08
19500000.04,380,0.02,0.98,1.03528,135.5419,1.56E-08,8.16E-09
19500000.04,400,0.98,0.02,86.31612,4.50546,1.70E-08,2.12E-08
19500000.04,400,0.884,0.116,72.84036,24.20074,1.41E-08,1.96E-08
19500000.04,400,0.788,0.212,60.72682,41.58546,1.91E-08,8.37E-09
19500000.04,400,0.692,0.308,50.04586,57.04368,1.19E-08,1.17E-08
19500000.04,400,0.596,0.404,40.67836,70.43308,1.22E-08,1.34E-08
19500000.04,400,0.5,0.5,32.0812,82.4959,1.10E-08,1.15E-08
19500000.04,400,0.404,0.596,24.64562,93.18748,1.05E-08,1.03E-08
19500000.04,400,0.308,0.692,17.9004,102.69354,1.07E-08,1.05E-08
19500000.04,400,0.212,0.788,11.81118,111.4954,1.29E-08,9.20E-09
19500000.04,400,0.116,0.884,6.2184,119.02474,5.22E-09,1.12E-08
19500000.04,400,0.02,0.98,1.04104,126.22232,3.47E-09,1.19E-08
21000000.03,200,0.98,0.02,134.39616,46.06432,1.73E-09,1.63E-09
21000000.03,200,0.884,0.116,73.53496,115.60966,1.30E-09,1.94E-09
21000000.03,200,0.788,0.212,47.43412,145.60986,1.53E-09,2.00E-09
21000000.03,200,0.692,0.308,33.50384,163.18884,9.10E-10,1.85E-09
21000000.03,200,0.596,0.404,27.96876,169.41736,1.14E-09,1.81E-09
21000000.03,200,0.5,0.5,22.43126,176.54346,1.08E-09,1.85E-09
21000000.03,200,0.404,0.596,20.80088,176.94942,1.02E-09,1.83E-09
21000000.03,200,0.308,0.692,15.13422,185.48604,1.68E-09,1.69E-09
21000000.03,200,0.212,0.788,12.747,187.27226,1.44E-09,2.02E-09
21000000.03,200,0.116,0.884,7.03654,194.49576,1.88E-09,1.85E-09
21000000.03,200,0.02,0.98,1.88758,199.87658,1.31E-09,1.73E-09
21000000.03,220,0.98,0.02,137.56524,34.7696,2.36E-09,2.34E-09
21000000.03,220,0.884,0.116,80.16084,101.63526,1.84E-09,2.79E-09
21000000.03,220,0.788,0.212,55.23596,130.57766,2.06E-09,2.83E-09
21000000.03,220,0.692,0.308,41.62798,146.39446,1.62E-09,2.30E-09
21000000.03,220,0.596,0.404,33.19772,157.23658,1.91E-09,2.41E-09
21000000.03,220,0.5,0.5,26.04544,166.14878,1.90E-09,2.41E-09
21000000.03,220,0.404,0.596,21.31738,171.4973,1.78E-09,2.61E-09
21000000.03,220,0.308,0.692,16.80842,176.81998,2.43E-09,2.56E-09
21000000.03,220,0.212,0.788,12.58592,182.34798,7.67E-10,2.28E-09
21000000.03,220,0.116,0.884,7.80448,186.69432,7.43E-10,2.14E-09
21000000.03,220,0.02,0.98,1.58578,193.86898,1.24E-09,2.45E-09
21000000.03,240,0.98,0.02,137.10938,25.97524,3.13E-09,2.87E-09
21000000.03,240,0.884,0.116,84.95062,89.26758,3.00E-09,3.43E-09
21000000.03,240,0.788,0.212,59.75516,118.37228,2.71E-09,2.90E-09
21000000.03,240,0.692,0.308,45.88408,135.06152,2.48E-09,2.84E-09
21000000.03,240,0.596,0.404,35.55238,148.40812,2.96E-09,2.87E-09
21000000.03,240,0.5,0.5,29.61874,154.9768,1.93E-09,2.84E-09
21000000.03,240,0.404,0.596,22.969,162.66554,2.13E-09,3.27E-09
21000000.03,240,0.308,0.692,17.74868,168.86904,1.94E-09,2.95E-09
21000000.03,240,0.212,0.788,12.74668,175.79828,3.29E-09,2.82E-09
21000000.03,240,0.116,0.884,8.02778,180.23256,1.45E-09,3.08E-09
21000000.03,240,0.02,0.98,1.3563,188.9371,3.22E-09,2.70E-09
21000000.03,260,0.98,0.02,133.65724,20.25802,4.61E-09,5.27E-09
21000000.03,260,0.884,0.116,87.74968,77.0434,3.85E-09,3.87E-09
21000000.03,260,0.788,0.212,63.29904,106.43694,3.34E-09,3.97E-09
21000000.03,260,0.692,0.308,47.15506,126.40076,3.82E-09,3.96E-09
21000000.03,260,0.596,0.404,38.03972,137.4978,3.24E-09,4.02E-09
21000000.03,260,0.5,0.5,29.79402,147.56922,2.67E-09,3.71E-09
21000000.03,260,0.404,0.596,23.82478,155.17292,3.65E-09,3.18E-09
21000000.03,260,0.308,0.692,18.23488,161.8222,3.19E-09,3.48E-09
21000000.03,260,0.212,0.788,13.0612,168.46454,2.38E-09,3.58E-09
21000000.03,260,0.116,0.884,7.22068,175.9289,3.67E-09,3.36E-09
21000000.03,260,0.02,0.98,1.37464,181.49024,8.86E-10,3.24E-09
21000000.03,280,0.98,0.02,128.13196,15.94368,6.21E-09,6.64E-09
21000000.03,280,0.884,0.116,88.32028,66.93632,5.89E-09,5.08E-09
21000000.03,280,0.788,0.212,64.94912,96.31524,4.03E-09,5.97E-09
21000000.03,280,0.692,0.308,49.83018,115.4774,3.77E-09,4.33E-09
21000000.03,280,0.596,0.404,39.24192,128.34454,4.56E-09,4.18E-09
21000000.03,280,0.5,0.5,30.81734,139.19584,2.84E-09,5.02E-09
21000000.03,280,0.404,0.596,24.2452,147.2003,3.19E-09,4.75E-09
21000000.03,280,0.308,0.692,18.66746,154.02254,3.10E-09,3.73E-09
21000000.03,280,0.212,0.788,12.99274,161.19668,4.67E-09,4.40E-09
21000000.03,280,0.116,0.884,7.43322,167.5064,2.98E-09,4.12E-09
21000000.03,280,0.02,0.98,1.31628,174.87566,5.31E-09,4.59E-09
21000000.03,300,0.98,0.02,121.7046,12.74538,7.53E-09,9.79E-09
21000000.03,300,0.884,0.116,87.92572,57.32322,5.97E-09,7.74E-09
21000000.03,300,0.788,0.212,66.08178,85.61106,6.52E-09,5.11E-09
21000000.03,300,0.692,0.308,50.70884,105.53768,6.00E-09,6.35E-09
21000000.03,300,0.596,0.404,39.95322,119.39294,5.07E-09,5.39E-09
21000000.03,300,0.5,0.5,31.32066,130.1022,4.78E-09,5.61E-09
21000000.03,300,0.404,0.596,24.30842,139.5667,4.99E-09,4.79E-09
21000000.03,300,0.308,0.692,18.40642,146.9504,3.57E-09,4.57E-09
21000000.03,300,0.212,0.788,12.59098,154.3398,3.76E-09,4.95E-09
21000000.03,300,0.116,0.884,7.13798,161.2773,3.89E-09,5.00E-09
21000000.03,300,0.02,0.98,1.24596,168.6155,9.62E-10,4.72E-09
21000000.03,320,0.98,0.02,114.79044,10.03452,9.67E-09,1.26E-08
21000000.03,320,0.884,0.116,87.34992,47.82864,9.14E-09,8.69E-09
21000000.03,320,0.788,0.212,67.13422,74.86162,8.32E-09,8.26E-09
21000000.03,320,0.692,0.308,52.28482,94.49738,7.64E-09,5.96E-09
21000000.03,320,0.596,0.404,40.34154,109.95194,7.15E-09,6.24E-09
21000000.03,320,0.5,0.5,31.63182,121.6918,7.37E-09,6.32E-09
21000000.03,320,0.404,0.596,24.38076,131.19964,7.10E-09,6.12E-09
21000000.03,320,0.308,0.692,18.10958,139.41554,4.71E-09,6.57E-09
21000000.03,320,0.212,0.788,12.27086,146.74724,5.64E-09,6.41E-09
21000000.03,320,0.116,0.884,6.86,153.79956,4.83E-09,5.46E-09
21000000.03,320,0.02,0.98,1.1773,160.9383,1.11E-09,5.17E-09
21000000.03,340,0.98,0.02,108.44408,8.06426,1.11E-08,8.58E-09
21000000.03,340,0.884,0.116,85.10712,40.33822,9.20E-09,1.17E-08
21000000.03,340,0.788,0.212,67.07792,64.91884,9.44E-09,7.22E-09
21000000.03,340,0.692,0.308,52.89452,84.33266,7.71E-09,8.60E-09
21000000.03,340,0.596,0.404,41.4653,99.6892,6.68E-09,7.10E-09
21000000.03,340,0.5,0.5,32.62104,111.48966,7.58E-09,5.73E-09
21000000.03,340,0.404,0.596,24.6658,121.85452,6.15E-09,7.38E-09
21000000.03,340,0.308,0.692,18.0384,130.84972,6.30E-09,6.81E-09
21000000.03,340,0.212,0.788,12.10378,138.91548,5.06E-09,6.21E-09
21000000.03,340,0.116,0.884,6.49506,146.04276,8.80E-09,6.24E-09
21000000.03,340,0.02,0.98,1.13756,153.26608,1.15E-09,7.30E-09
21000000.03,360,0.98,0.02,101.15214,6.60636,1.23E-08,1.21E-08
21000000.03,360,0.884,0.116,82.1412,34.03394,1.02E-08,1.42E-08
21000000.03,360,0.788,0.212,66.19722,56.29834,1.29E-08,9.08E-09
21000000.03,360,0.692,0.308,52.95466,74.43452,9.82E-09,1.23E-08
21000000.03,360,0.596,0.404,42.21684,89.1833,1.30E-08,8.64E-09
21000000.03,360,0.5,0.5,32.84942,101.89764,1.16E-08,9.00E-09
21000000.03,360,0.404,0.596,24.99544,112.6143,1.06E-08,9.45E-09
21000000.03,360,0.308,0.692,18.1868,121.81514,8.57E-09,7.55E-09
21000000.03,360,0.212,0.788,12.03156,130.42058,1.07E-08,8.59E-09
21000000.03,360,0.116,0.884,6.42328,137.8175,6.41E-09,8.18E-09
21000000.03,360,0.02,0.98,1.08526,144.86536,1.16E-09,8.58E-09
21000000.03,380,0.98,0.02,94.8427,5.44612,1.47E-08,1.91E-08
21000000.03,380,0.884,0.116,78.52642,28.73562,1.44E-08,9.97E-09
21000000.03,380,0.788,0.212,64.24426,49.0108,1.20E-08,1.32E-08
21000000.03,380,0.692,0.308,52.52716,65.47838,1.17E-08,9.57E-09
21000000.03,380,0.596,0.404,42.10986,79.70182,6.18E-09,1.07E-08
21000000.03,380,0.5,0.5,32.93782,92.77236,9.35E-09,1.03E-08
21000000.03,380,0.404,0.596,25.35772,103.30038,8.94E-09,1.05E-08
21000000.03,380,0.308,0.692,18.18356,113.23066,7.40E-09,9.16E-09
21000000.03,380,0.212,0.788,12.08188,121.46844,1.42E-08,1.02E-08
21000000.03,380,0.116,0.884,6.39274,129.17136,4.42E-09,9.14E-09
21000000.03,380,0.02,0.98,1.07158,136.50844,3.28E-09,8.50E-09
21000000.03,400,0.98,0.02,88.60448,4.61406,1.44E-08,1.29E-08
21000000.03,400,0.884,0.116,74.63774,24.64884,1.44E-08,7.57E-09
21000000.03,400,0.788,0.212,62.13764,42.27946,1.60E-08,1.62E-08
21000000.03,400,0.692,0.308,51.1278,57.72438,1.58E-08,1.25E-08
21000000.03,400,0.596,0.404,41.4729,71.39614,1.47E-08,1.35E-08
21000000.03,400,0.5,0.5,32.93756,83.59058,9.18E-09,1.15E-08
21000000.03,400,0.404,0.596,25.19196,94.356,1.17E-08,1.04E-08
21000000.03,400,0.308,0.692,18.39882,103.52658,1.03E-08,9.44E-09
21000000.03,400,0.212,0.788,12.06712,112.39312,1.21E-08,1.33E-08
21000000.03,400,0.116,0.884,6.40952,120.41316,6.77E-09,1.10E-08
21000000.03,400,0.02,0.98,1.0632,127.91874,9.24E-10,9.42E-09
22500000.03,200,0.98,0.02,135.21392,45.73232,1.58E-09,2.06E-09
22500000.03,200,0.884,0.116,76.75074,112.50126,1.53E-09,1.95E-09
22500000.03,200,0.788,0.212,48.34458,145.68706,1.31E-09,2.26E-09
22500000.03,200,0.692,0.308,36.6441,159.67962,1.07E-09,1.90E-09
22500000.03,200,0.596,0.404,27.25254,171.9623,1.29E-09,1.59E-09
22500000.03,200,0.5,0.5,23.26814,175.52184,1.19E-09,1.96E-09
22500000.03,200,0.404,0.596,20.22026,179.97484,1.22E-09,1.78E-09
22500000.03,200,0.308,0.692,16.7404,183.54078,1.56E-09,1.76E-09
22500000.03,200,0.212,0.788,12.74624,186.9174,1.44E-09,2.02E-09
22500000.03,200,0.116,0.884,8.20718,194.57336,9.30E-10,1.82E-09
22500000.03,200,0.02,0.98,1.68394,200.54064,4.84E-10,1.70E-09
22500000.03,220,0.98,0.02,137.94726,34.68584,2.36E-09,2.34E-09
22500000.03,220,0.884,0.116,81.1566,101.05898,1.48E-09,2.34E-09
22500000.03,220,0.788,0.212,56.07922,130.07922,2.54E-09,2.77E-09
22500000.03,220,0.692,0.308,42.42576,146.05116,1.62E-09,2.30E-09
22500000.03,220,0.596,0.404,33.2026,157.209,1.91E-09,2.41E-09
22500000.03,220,0.5,0.5,27.69864,163.90638,1.71E-09,1.60E-09
22500000.03,220,0.404,0.596,21.22966,171.9234,2.04E-09,2.39E-09
22500000.03,220,0.308,0.692,17.09268,176.34002,1.00E-09,2.34E-09
22500000.03,220,0.212,0.788,12.6409,182.76834,1.15E-09,2.15E-09
22500000.03,220,0.116,0.884,7.86902,187.00272,7.43E-10,2.14E-09
22500000.03,220,0.02,0.98,1.56056,193.86556,1.24E-09,2.45E-09
22500000.03,240,0.98,0.02,138.06628,25.65178,3.27E-09,3.54E-09
22500000.03,240,0.884,0.116,85.99522,88.00048,3.12E-09,3.71E-09
22500000.03,240,0.788,0.212,61.12268,117.656,2.30E-09,2.78E-09
22500000.03,240,0.692,0.308,46.08464,135.11342,2.48E-09,2.84E-09
22500000.03,240,0.596,0.404,36.53478,147.0402,2.17E-09,2.52E-09
22500000.03,240,0.5,0.5,28.47232,156.8909,2.19E-09,2.88E-09
22500000.03,240,0.404,0.596,23.63286,162.43732,2.13E-09,3.06E-09
22500000.03,240,0.308,0.692,17.51354,169.73966,2.30E-09,2.80E-09
22500000.03,240,0.212,0.788,13.23198,174.58492,1.82E-09,2.70E-09
22500000.03,240,0.116,0.884,7.47462,181.23146,6.32E-10,3.10E-09
22500000.03,240,0.02,0.98,1.4275,188.13464,5.99E-10,2.82E-09
22500000.03,260,0.98,0.02,134.59878,19.88786,5.11E-09,5.76E-09
22500000.03,260,0.884,0.116,87.92524,77.1977,3.85E-09,3.87E-09
22500000.03,260,0.788,0.212,63.97406,105.90318,3.58E-09,4.29E-09
22500000.03,260,0.692,0.308,48.2215,125.66068,3.06E-09,3.20E-09
22500000.03,260,0.596,0.404,38.84328,137.60046,2.73E-09,3.63E-09
22500000.03,260,0.5,0.5,30.9016,146.78602,2.88E-09,3.65E-09
22500000.03,260,0.404,0.596,24.2597,154.89616,2.62E-09,3.37E-09
22500000.03,260,0.308,0.692,18.2695,161.80692,3.19E-09,3.48E-09
22500000.03,260,0.212,0.788,13.19038,168.2053,2.38E-09,3.58E-09
22500000.03,260,0.116,0.884,7.54954,175.06342,4.31E-09,3.35E-09
22500000.03,260,0.02,0.98,1.32,182.28238,1.92E-09,3.06E-09
22500000.03,280,0.98,0.02,129.19884,15.84146,7.14E-09,4.77E-09
22500000.03,280,0.884,0.116,89.64366,66.45988,5.92E-09,5.89E-09
22500000.03,280,0.788,0.212,66.00272,95.57502,3.99E-09,5.26E-09
22500000.03,280,0.692,0.308,50.51832,115.23116,4.47E-09,5.27E-09
22500000.03,280,0.596,0.404,40.24044,128.32166,6.22E-09,4.11E-09
22500000.03,280,0.5,0.5,31.2711,138.57462,2.84E-09,5.02E-09
22500000.03,280,0.404,0.596,24.90562,146.97908,3.74E-09,4.82E-09
22500000.03,280,0.308,0.692,18.45846,155.21214,2.63E-09,4.58E-09
22500000.03,280,0.212,0.788,13.12294,161.60044,2.56E-09,4.66E-09
22500000.03,280,0.116,0.884,7.44642,168.26958,2.98E-09,4.12E-09
22500000.03,280,0.02,0.98,1.32564,175.22298,5.31E-09,4.59E-09
22500000.03,300,0.98,0.02,123.11782,12.4196,7.62E-09,4.59E-09
22500000.03,300,0.884,0.116,89.56942,56.41294,5.87E-09,6.84E-09
22500000.03,300,0.788,0.212,67.21356,85.54276,5.09E-09,5.61E-09
22500000.03,300,0.692,0.308,52.12316,104.92788,5.63E-09,5.86E-09
22500000.03,300,0.596,0.404,41.277,118.6757,4.91E-09,5.09E-09
22500000.03,300,0.5,0.5,31.8425,130.54652,5.01E-09,5.95E-09
22500000.03,300,0.404,0.596,25.0451,139.18028,5.87E-09,4.26E-09
22500000.03,300,0.308,0.692,18.69668,147.1888,3.95E-09,5.25E-09
22500000.03,300,0.212,0.788,12.94288,154.18236,3.76E-09,4.95E-09
22500000.03,300,0.116,0.884,7.12594,161.50878,3.66E-09,4.64E-09
22500000.03,300,0.02,0.98,1.26726,169.08172,9.62E-10,4.72E-09
22500000.03,320,0.98,0.02,116.7956,10.05042,7.59E-09,1.07E-08
22500000.03,320,0.884,0.116,88.59252,47.64752,7.27E-09,6.39E-09
22500000.03,320,0.788,0.212,68.54256,74.17802,6.84E-09,7.61E-09
22500000.03,320,0.692,0.308,53.55378,94.02396,6.11E-09,5.85E-09
22500000.03,320,0.596,0.404,41.50102,109.5942,7.49E-09,6.66E-09
22500000.03,320,0.5,0.5,32.68976,121.16052,8.80E-09,5.67E-09
22500000.03,320,0.404,0.596,24.8786,131.27484,5.28E-09,6.88E-09
22500000.03,320,0.308,0.692,18.69916,138.7384,6.30E-09,5.93E-09
22500000.03,320,0.212,0.788,12.89788,146.49274,7.85E-09,5.64E-09
22500000.03,320,0.116,0.884,6.9393,154.0754,4.83E-09,5.46E-09
22500000.03,320,0.02,0.98,1.20114,161.50158,4.68E-09,5.36E-09
22500000.03,340,0.98,0.02,109.85208,8.15544,1.18E-08,1.32E-08
22500000.03,340,0.884,0.116,86.31366,40.37908,7.28E-09,9.49E-09
22500000.03,340,0.788,0.212,68.26298,64.7376,9.84E-09,8.57E-09
22500000.03,340,0.692,0.308,53.97108,84.17156,8.34E-09,7.38E-09
22500000.03,340,0.596,0.404,42.41762,99.64212,8.93E-09,9.06E-09
22500000.03,340,0.5,0.5,33.19496,111.88222,4.62E-09,6.83E-09
22500000.03,340,0.404,0.596,25.32372,122.30212,6.15E-09,7.38E-09
22500000.03,340,0.308,0.692,18.41514,131.29352,6.30E-09,6.81E-09
22500000.03,340,0.212,0.788,12.38492,138.8865,5.06E-09,6.21E-09
22500000.03,340,0.116,0.884,6.70768,146.6328,5.39E-09,5.79E-09
22500000.03,340,0.02,0.98,1.14754,153.76376,2.08E-09,6.46E-09
22500000.03,360,0.98,0.02,103.24496,6.71902,1.13E-08,1.22E-08
22500000.03,360,0.884,0.116,83.55996,34.20932,1.10E-08,9.97E-09
22500000.03,360,0.788,0.212,67.30582,56.3853,1.01E-08,9.96E-09
22500000.03,360,0.692,0.308,54.04442,74.4747,1.02E-08,9.61E-09
22500000.03,360,0.596,0.404,42.88966,89.70772,9.00E-09,9.60E-09
22500000.03,360,0.5,0.5,33.62384,102.41246,8.82E-09,8.35E-09
22500000.03,360,0.404,0.596,25.56638,113.43474,1.17E-08,8.60E-09
22500000.03,360,0.308,0.692,18.60056,122.73502,9.07E-09,7.76E-09
22500000.03,360,0.212,0.788,12.28988,131.19606,8.38E-09,7.58E-09
22500000.03,360,0.116,0.884,6.57164,138.66872,1.57E-08,7.42E-09
22500000.03,360,0.02,0.98,1.13346,145.84922,4.92E-09,7.75E-09
22500000.03,380,0.98,0.02,96.65858,5.53814,1.25E-08,9.47E-09
22500000.03,380,0.884,0.116,80.10504,29.0039,1.01E-08,1.09E-08
22500000.03,380,0.788,0.212,65.5574,49.17128,1.34E-08,9.31E-09
22500000.03,380,0.692,0.308,53.46,65.83114,1.28E-08,1.10E-08
22500000.03,380,0.596,0.404,43.15636,80.46512,1.07E-08,9.80E-09
22500000.03,380,0.5,0.5,33.84894,92.85112,1.31E-08,1.01E-08
22500000.03,380,0.404,0.596,25.73362,104.04218,8.69E-09,9.46E-09
22500000.03,380,0.308,0.692,18.77066,113.48858,1.26E-08,1.13E-08
22500000.03,380,0.212,0.788,12.35476,122.12022,7.30E-09,1.00E-08
22500000.03,380,0.116,0.884,6.56128,130.09408,4.88E-09,8.47E-09
22500000.03,380,0.02,0.98,1.10632,137.29382,3.28E-09,8.50E-09
22500000.03,400,0.98,0.02,90.57034,4.67718,9.94E-09,6.25E-09
22500000.03,400,0.884,0.116,76.3105,24.95292,1.63E-08,1.36E-08
22500000.03,400,0.788,0.212,63.33244,42.90622,1.23E-08,1.30E-08
22500000.03,400,0.692,0.308,52.48216,58.04264,1.14E-08,1.24E-08
22500000.03,400,0.596,0.404,42.30262,72.36012,1.10E-08,1.14E-08
22500000.03,400,0.5,0.5,33.72316,84.19196,1.04E-08,1.01E-08
22500000.03,400,0.404,0.596,25.8268,95.00084,1.18E-08,1.25E-08
22500000.03,400,0.308,0.692,18.81042,104.63772,8.61E-09,8.88E-09
22500000.03,400,0.212,0.788,12.35392,113.67238,1.07E-08,1.11E-08
22500000.03,400,0.116,0.884,6.57538,121.50184,9.81E-09,1.11E-08
22500000.03,400,0.02,0.98,1.09756,129.27116,7.73E-09,1.13E-08
24000000.02,200,0.98,0.02,136.24022,44.84568,2.05E-09,1.98E-09
24000000.02,200,0.884,0.116,76.44326,112.66026,1.51E-09,2.20E-09
24000000.02,200,0.788,0.212,50.40358,143.73364,1.08E-09,1.87E-09
24000000.02,200,0.692,0.308,38.31254,156.72638,1.49E-09,1.97E-09
24000000.02,200,0.596,0.404,27.81814,169.90642,7.72E-10,1.95E-09
24000000.02,200,0.5,0.5,23.10426,175.46438,1.29E-09,1.96E-09
24000000.02,200,0.404,0.596,18.81072,180.69786,6.80E-10,1.74E-09
24000000.02,200,0.308,0.692,16.2344,184.6251,1.38E-09,1.41E-09
24000000.02,200,0.212,0.788,11.7068,189.13408,1.91E-09,1.98E-09
24000000.02,200,0.116,0.884,8.30464,193.53724,9.76E-10,1.81E-09
24000000.02,200,0.02,0.98,1.85366,199.5756,1.31E-09,1.73E-09
24000000.02,220,0.98,0.02,139.77924,33.32744,2.45E-09,1.45E-09
24000000.02,220,0.884,0.116,82.61212,99.33806,2.08E-09,2.91E-09
24000000.02,220,0.788,0.212,56.96068,129.06654,2.00E-09,2.44E-09
24000000.02,220,0.692,0.308,42.42004,147.15172,1.52E-09,2.16E-09
24000000.02,220,0.596,0.404,33.13416,157.76648,1.75E-09,2.21E-09
24000000.02,220,0.5,0.5,28.28184,163.4603,2.11E-09,2.49E-09
24000000.02,220,0.404,0.596,21.61676,171.81262,1.51E-09,2.31E-09
24000000.02,220,0.308,0.692,17.12492,177.47668,2.26E-09,2.59E-09
24000000.02,220,0.212,0.788,12.58712,182.05678,7.67E-10,2.28E-09
24000000.02,220,0.116,0.884,7.75312,186.6511,7.43E-10,2.14E-09
24000000.02,220,0.02,0.98,1.62842,193.39622,9.50E-11,2.45E-09
24000000.02,240,0.98,0.02,138.41726,25.9052,3.27E-09,3.54E-09
24000000.02,240,0.884,0.116,87.16992,86.85352,2.56E-09,3.60E-09
24000000.02,240,0.788,0.212,62.16252,116.73074,2.25E-09,3.07E-09
24000000.02,240,0.692,0.308,47.24718,134.4155,2.90E-09,3.49E-09
24000000.02,240,0.596,0.404,36.31862,146.61066,2.30E-09,2.88E-09
24000000.02,240,0.5,0.5,29.58964,155.82148,2.35E-09,3.01E-09
24000000.02,240,0.404,0.596,24.1426,162.10194,2.13E-09,3.06E-09
24000000.02,240,0.308,0.692,18.28248,169.25728,1.94E-09,2.95E-09
24000000.02,240,0.212,0.788,13.31004,174.56248,1.82E-09,2.70E-09
24000000.02,240,0.116,0.884,7.85112,180.79158,2.85E-09,2.78E-09
24000000.02,240,0.02,0.98,1.38536,188.53772,6.03E-09,2.97E-09
24000000.02,260,0.98,0.02,135.57616,19.70218,4.23E-09,4.81E-09
24000000.02,260,0.884,0.116,89.92872,75.8759,3.54E-09,4.81E-09
24000000.02,260,0.788,0.212,65.508,105.10296,3.47E-09,3.66E-09
24000000.02,260,0.692,0.308,50.05708,123.78002,3.16E-09,3.39E-09
24000000.02,260,0.596,0.404,39.109,137.62846,2.73E-09,3.63E-09
24000000.02,260,0.5,0.5,31.41668,146.49956,2.08E-09,3.13E-09
24000000.02,260,0.404,0.596,24.97056,154.55606,3.21E-09,3.90E-09
24000000.02,260,0.308,0.692,18.79784,161.87116,1.29E-09,3.52E-09
24000000.02,260,0.212,0.788,13.85348,167.3266,2.62E-09,3.85E-09
24000000.02,260,0.116,0.884,7.66898,175.0522,4.31E-09,3.35E-09
24000000.02,260,0.02,0.98,1.37586,182.27638,1.92E-09,3.06E-09
24000000.02,280,0.98,0.02,130.3693,15.56722,6.32E-09,5.08E-09
24000000.02,280,0.884,0.116,90.84238,65.5783,4.81E-09,5.15E-09
24000000.02,280,0.788,0.212,67.04014,95.30094,4.10E-09,5.70E-09
24000000.02,280,0.692,0.308,51.84124,113.70746,3.91E-09,5.04E-09
24000000.02,280,0.596,0.404,41.073,127.36472,3.84E-09,4.45E-09
24000000.02,280,0.5,0.5,32.09864,138.16966,3.43E-09,4.37E-09
24000000.02,280,0.404,0.596,25.22486,146.7668,5.42E-09,4.03E-09
24000000.02,280,0.308,0.692,19.34856,153.91132,3.10E-09,3.73E-09
24000000.02,280,0.212,0.788,13.20974,161.8204,2.56E-09,4.66E-09
24000000.02,280,0.116,0.884,7.33752,168.27854,2.98E-09,4.12E-09
24000000.02,280,0.02,0.98,1.34742,175.57356,8.83E-09,4.42E-09
24000000.02,300,0.98,0.02,124.69766,12.36736,7.52E-09,1.21E-08
24000000.02,300,0.884,0.116,91.29964,55.5023,6.42E-09,7.31E-09
24000000.02,300,0.788,0.212,68.50262,84.74574,7.29E-09,6.39E-09
24000000.02,300,0.692,0.308,53.02022,104.08114,5.82E-09,5.61E-09
24000000.02,300,0.596,0.404,41.6762,118.413,5.38E-09,4.73E-09
24000000.02,300,0.5,0.5,32.53788,130.22616,4.60E-09,5.25E-09
24000000.02,300,0.404,0.596,25.172,139.6463,4.71E-09,4.55E-09
24000000.02,300,0.308,0.692,19.34938,146.69858,3.95E-09,5.25E-09
24000000.02,300,0.212,0.788,13.26976,154.35204,3.76E-09,4.95E-09
24000000.02,300,0.116,0.884,7.305,161.82948,3.02E-09,4.29E-09
24000000.02,300,0.02,0.98,1.31232,168.64582,9.62E-10,4.72E-09
24000000.02,320,0.98,0.02,118.00154,9.94528,1.08E-08,7.46E-09
24000000.02,320,0.884,0.116,90.0574,47.16426,7.58E-09,8.53E-09
24000000.02,320,0.788,0.212,69.90854,73.96082,6.50E-09,6.26E-09
24000000.02,320,0.692,0.308,54.42144,93.78052,6.11E-09,5.85E-09
24000000.02,320,0.596,0.404,42.88486,108.88668,6.79E-09,7.19E-09
24000000.02,320,0.5,0.5,33.35884,121.21686,8.80E-09,5.67E-09
24000000.02,320,0.404,0.596,25.74032,130.74164,4.68E-09,6.60E-09
24000000.02,320,0.308,0.692,19.03606,139.49484,6.30E-09,5.93E-09
24000000.02,320,0.212,0.788,13.06044,146.83496,6.92E-09,5.90E-09
24000000.02,320,0.116,0.884,7.06578,154.81664,6.75E-09,4.72E-09
24000000.02,320,0.02,0.98,1.24328,161.55648,4.68E-09,5.36E-09
24000000.02,340,0.98,0.02,111.62934,8.10922,1.13E-08,1.20E-08
24000000.02,340,0.884,0.116,87.80284,40.32368,1.09E-08,8.11E-09
24000000.02,340,0.788,0.212,69.37766,64.75714,8.17E-09,6.76E-09
24000000.02,340,0.692,0.308,54.99596,83.97922,1.01E-08,8.00E-09
24000000.02,340,0.596,0.404,43.65856,99.24148,7.48E-09,7.68E-09
24000000.02,340,0.5,0.5,33.79058,111.8326,9.16E-09,7.55E-09
24000000.02,340,0.404,0.596,25.79466,122.56322,7.98E-09,6.69E-09
24000000.02,340,0.308,0.692,18.86484,131.32648,7.97E-09,7.06E-09
24000000.02,340,0.212,0.788,12.72762,139.50572,7.84E-09,8.20E-09
24000000.02,340,0.116,0.884,6.91042,146.93126,5.39E-09,5.79E-09
24000000.02,340,0.02,0.98,1.19234,153.9782,2.64E-09,7.04E-09
24000000.02,360,0.98,0.02,105.13544,6.67878,1.25E-08,8.58E-09
24000000.02,360,0.884,0.116,85.00878,34.3576,1.17E-08,1.03E-08
24000000.02,360,0.788,0.212,68.60728,56.41854,1.06E-08,9.79E-09
24000000.02,360,0.692,0.308,54.89356,74.75638,9.83E-09,8.14E-09
24000000.02,360,0.596,0.404,43.90866,89.7315,8.33E-09,9.70E-09
24000000.02,360,0.5,0.5,34.4071,102.53532,5.07E-09,8.53E-09
24000000.02,360,0.404,0.596,26.19844,113.56786,7.36E-09,8.91E-09
24000000.02,360,0.308,0.692,19.17612,122.723,9.07E-09,7.76E-09
24000000.02,360,0.212,0.788,12.74348,131.10878,4.15E-09,8.42E-09
24000000.02,360,0.116,0.884,6.82048,139.15442,1.57E-08,7.42E-09
24000000.02,360,0.02,0.98,1.14696,146.58716,2.22E-09,7.38E-09
24000000.02,380,0.98,0.02,98.52934,5.58926,1.47E-08,1.13E-08
24000000.02,380,0.884,0.116,81.40472,29.4044,1.17E-08,1.57E-08
24000000.02,380,0.788,0.212,66.82372,49.32618,1.11E-08,1.29E-08
24000000.02,380,0.692,0.308,54.49252,66.37214,1.09E-08,8.53E-09
24000000.02,380,0.596,0.404,43.7018,80.98226,9.73E-09,1.03E-08
24000000.02,380,0.5,0.5,34.35024,93.83614,1.28E-08,1.01E-08
24000000.02,380,0.404,0.596,26.524,104.4115,6.08E-09,8.15E-09
24000000.02,380,0.308,0.692,19.13466,114.24776,6.89E-09,8.90E-09
24000000.02,380,0.212,0.788,12.64388,123.06182,6.41E-09,8.83E-09
24000000.02,380,0.116,0.884,6.70866,130.88998,6.21E-09,9.39E-09
24000000.02,380,0.02,0.98,1.13132,138.16942,5.94E-09,9.23E-09
24000000.02,400,0.98,0.02,92.42994,4.73924,1.59E-08,2.59E-08
24000000.02,400,0.884,0.116,77.68656,25.26872,1.26E-08,1.74E-08
24000000.02,400,0.788,0.212,64.95,43.15992,1.36E-08,1.31E-08
24000000.02,400,0.692,0.308,53.36512,59.0569,1.44E-08,1.10E-08
24000000.02,400,0.596,0.404,43.38992,72.80036,1.51E-08,1.06E-08
24000000.02,400,0.5,0.5,34.31302,84.80836,1.10E-08,1.07E-08
24000000.02,400,0.404,0.596,26.21636,96.01932,9.84E-09,1.10E-08
24000000.02,400,0.308,0.692,19.2318,105.69318,7.87E-09,1.01E-08
24000000.02,400,0.212,0.788,12.68048,114.59086,1.12E-08,9.81E-09
24000000.02,400,0.116,0.884,6.7379,122.76182,1.33E-08,1.06E-08
24000000.02,400,0.02,0.98,1.13788,129.99082,6.47E-09,8.03E-09
25500000.02,200,0.98,0.02,138.14948,42.98186,1.94E-09,1.62E-09
25500000.02,200,0.884,0.116,78.68988,110.18272,1.43E-09,2.32E-09
25500000.02,200,0.788,0.212,45.62204,148.90052,1.59E-09,1.75E-09
25500000.02,200,0.692,0.308,34.0455,163.72682,1.34E-09,1.71E-09
25500000.02,200,0.596,0.404,29.39074,168.38372,6.32E-10,2.07E-09
25500000.02,200,0.5,0.5,23.39628,175.61144,1.19E-09,1.96E-09
25500000.02,200,0.404,0.596,19.48136,180.01786,2.25E-09,1.85E-09
25500000.02,200,0.308,0.692,16.24994,183.54514,1.21E-09,1.54E-09
25500000.02,200,0.212,0.788,11.72506,190.36708,1.59E-09,1.66E-09
25500000.02,200,0.116,0.884,7.10756,194.33854,1.88E-09,1.85E-09
25500000.02,200,0.02,0.98,2.00268,199.61508,1.31E-09,1.73E-09
25500000.02,220,0.98,0.02,140.14752,33.32204,2.45E-09,1.45E-09
25500000.02,220,0.884,0.116,84.06534,97.95986,2.02E-09,2.45E-09
25500000.02,220,0.788,0.212,58.10214,128.50728,2.27E-09,2.45E-09
25500000.02,220,0.692,0.308,43.91972,145.14214,2.07E-09,2.18E-09
25500000.02,220,0.596,0.404,32.87516,157.72126,1.98E-09,2.14E-09
25500000.02,220,0.5,0.5,27.34962,165.95896,1.23E-09,2.08E-09
25500000.02,220,0.404,0.596,21.30128,172.61024,1.73E-09,2.20E-09
25500000.02,220,0.308,0.692,17.51908,176.6245,1.40E-09,2.36E-09
25500000.02,220,0.212,0.788,13.43852,181.51218,7.67E-10,2.28E-09
25500000.02,220,0.116,0.884,7.63458,188.20716,7.58E-10,2.27E-09
25500000.02,220,0.02,0.98,1.494,195.14206,2.04E-09,1.92E-09
25500000.02,240,0.98,0.02,139.93002,24.8282,3.73E-09,2.73E-09
25500000.02,240,0.884,0.116,89.22644,85.3696,3.28E-09,3.03E-09
25500000.02,240,0.788,0.212,61.62496,117.19018,2.46E-09,3.13E-09
25500000.02,240,0.692,0.308,48.14898,133.93002,2.17E-09,3.02E-09
25500000.02,240,0.596,0.404,37.87416,145.92842,1.70E-09,2.97E-09
25500000.02,240,0.5,0.5,29.36816,156.2361,1.93E-09,2.72E-09
25500000.02,240,0.404,0.596,23.76274,162.83636,2.65E-09,2.93E-09
25500000.02,240,0.308,0.692,18.3596,169.09388,1.94E-09,2.95E-09
25500000.02,240,0.212,0.788,13.82438,175.07546,3.34E-09,2.56E-09
25500000.02,240,0.116,0.884,7.80754,180.964,2.85E-09,2.78E-09
25500000.02,240,0.02,0.98,1.50296,188.03362,2.30E-09,3.05E-09
25500000.02,260,0.98,0.02,136.4784,19.4038,4.93E-09,6.84E-09
25500000.02,260,0.884,0.116,91.04096,74.6759,3.52E-09,4.22E-09
25500000.02,260,0.788,0.212,66.70216,104.09974,2.88E-09,4.06E-09
25500000.02,260,0.692,0.308,50.80872,123.25038,3.40E-09,3.97E-09
25500000.02,260,0.596,0.404,40.3021,136.0568,2.77E-09,3.76E-09
25500000.02,260,0.5,0.5,31.74466,146.2026,3.12E-09,3.93E-09
25500000.02,260,0.404,0.596,25.15626,154.47978,2.08E-09,3.46E-09
25500000.02,260,0.308,0.692,19.21648,161.58494,1.29E-09,3.52E-09
25500000.02,260,0.212,0.788,13.46644,168.1271,2.38E-09,3.58E-09
25500000.02,260,0.116,0.884,7.51012,175.56204,2.64E-09,3.25E-09
25500000.02,260,0.02,0.98,1.4097,182.48368,1.92E-09,3.06E-09
25500000.02,280,0.98,0.02,131.51936,15.36748,6.27E-09,5.04E-09
25500000.02,280,0.884,0.116,92.08022,65.25628,5.34E-09,5.26E-09
25500000.02,280,0.788,0.212,68.58108,93.8753,3.41E-09,4.64E-09
25500000.02,280,0.692,0.308,53.11378,113.16194,3.30E-09,5.55E-09
25500000.02,280,0.596,0.404,42.20828,126.28296,4.21E-09,4.87E-09
25500000.02,280,0.5,0.5,32.97644,137.86482,3.91E-09,4.66E-09
25500000.02,280,0.404,0.596,25.50266,146.88902,2.88E-09,4.21E-09
25500000.02,280,0.308,0.692,19.52376,154.17322,3.01E-09,4.04E-09
25500000.02,280,0.212,0.788,13.3485,161.49012,4.67E-09,4.40E-09
25500000.02,280,0.116,0.884,7.7351,168.48954,6.77E-09,4.22E-09
25500000.02,280,0.02,0.98,1.3567,175.84012,8.83E-09,4.42E-09
25500000.02,300,0.98,0.02,126.00552,12.2316,8.28E-09,5.67E-09
25500000.02,300,0.884,0.116,92.4105,55.21688,6.74E-09,6.69E-09
25500000.02,300,0.788,0.212,70.42224,83.27888,5.15E-09,6.34E-09
25500000.02,300,0.692,0.308,54.7884,102.87938,5.46E-09,5.49E-09
25500000.02,300,0.596,0.404,42.365,118.23054,5.38E-09,4.73E-09
25500000.02,300,0.5,0.5,33.12012,130.14044,4.60E-09,5.25E-09
25500000.02,300,0.404,0.596,26.37018,138.2601,2.89E-09,5.95E-09
25500000.02,300,0.308,0.692,19.44982,146.72498,3.95E-09,5.25E-09
25500000.02,300,0.212,0.788,13.48378,154.76684,4.27E-09,4.55E-09
25500000.02,300,0.116,0.884,7.47482,161.6419,3.02E-09,4.29E-09
25500000.02,300,0.02,0.98,1.34876,169.1938,9.62E-10,4.72E-09
25500000.02,320,0.98,0.02,119.21198,9.97602,9.20E-09,8.84E-09
25500000.02,320,0.884,0.116,91.08684,47.0899,8.00E-09,9.60E-09
25500000.02,320,0.788,0.212,71.04648,73.18552,6.35E-09,6.49E-09
25500000.02,320,0.692,0.308,55.51248,93.53684,7.26E-09,6.27E-09
25500000.02,320,0.596,0.404,43.75628,108.2826,6.22E-09,7.43E-09
25500000.02,320,0.5,0.5,33.99966,120.85202,5.76E-09,6.44E-09
25500000.02,320,0.404,0.596,26.28222,130.87438,4.68E-09,6.60E-09
25500000.02,320,0.308,0.692,19.36826,139.59286,6.05E-09,6.11E-09
25500000.02,320,0.212,0.788,13.28416,147.32992,6.92E-09,5.90E-09
25500000.02,320,0.116,0.884,7.21666,154.86686,6.48E-09,5.81E-09
25500000.02,320,0.02,0.98,1.25936,161.96782,4.68E-09,5.36E-09
25500000.02,340,0.98,0.02,112.62814,8.09212,9.34E-09,1.01E-08
25500000.02,340,0.884,0.116,88.99648,40.27516,9.74E-09,8.71E-09
25500000.02,340,0.788,0.212,70.59414,64.69958,8.23E-09,7.83E-09
25500000.02,340,0.692,0.308,55.77916,84.05218,8.42E-09,7.06E-09
25500000.02,340,0.596,0.404,44.22622,99.10414,7.08E-09,7.51E-09
25500000.02,340,0.5,0.5,34.4425,111.8732,9.16E-09,7.55E-09
25500000.02,340,0.404,0.596,26.4783,122.58346,7.98E-09,6.69E-09
25500000.02,340,0.308,0.692,19.26252,131.86184,5.04E-09,7.30E-09
25500000.02,340,0.212,0.788,13.07032,139.75616,7.84E-09,8.20E-09
25500000.02,340,0.116,0.884,7.07494,147.41368,5.39E-09,5.79E-09
25500000.02,340,0.02,0.98,1.22684,154.47816,2.08E-09,6.46E-09
25500000.02,360,0.98,0.02,106.40944,6.73836,1.15E-08,8.03E-09
25500000.02,360,0.884,0.116,86.20698,34.38278,9.88E-09,1.14E-08
25500000.02,360,0.788,0.212,69.71156,56.6118,9.55E-09,9.21E-09
25500000.02,360,0.692,0.308,56.08992,74.95846,9.33E-09,1.09E-08
25500000.02,360,0.596,0.404,44.59184,89.91458,8.29E-09,9.63E-09
25500000.02,360,0.5,0.5,34.93516,102.79646,9.36E-09,8.21E-09
25500000.02,360,0.404,0.596,26.54488,114.13162,7.45E-09,8.38E-09
25500000.02,360,0.308,0.692,19.43282,123.45518,7.41E-09,8.58E-09
25500000.02,360,0.212,0.788,13.00916,131.70414,7.58E-09,7.05E-09
25500000.02,360,0.116,0.884,6.90792,139.93048,1.37E-08,7.92E-09
25500000.02,360,0.02,0.98,1.19672,146.96892,2.22E-09,7.38E-09
25500000.02,380,0.98,0.02,100.101,5.62746,1.40E-08,9.72E-09
25500000.02,380,0.884,0.116,82.75694,29.46808,1.07E-08,1.05E-08
25500000.02,380,0.788,0.212,68.16616,49.60378,1.18E-08,8.72E-09
25500000.02,380,0.692,0.308,55.6259,66.5103,1.06E-08,8.76E-09
25500000.02,380,0.596,0.404,44.5538,81.28806,1.10E-08,9.68E-09
25500000.02,380,0.5,0.5,35.16664,94.07838,9.33E-09,9.97E-09
25500000.02,380,0.404,0.596,26.95788,104.86984,1.21E-08,8.15E-09
25500000.02,380,0.308,0.692,19.57124,114.86348,1.11E-08,9.98E-09
25500000.02,380,0.212,0.788,13.0112,123.38438,6.41E-09,8.83E-09
25500000.02,380,0.116,0.884,6.93392,131.65704,9.48E-09,1.01E-08
25500000.02,380,0.02,0.98,1.16958,138.80386,3.32E-09,9.38E-09
25500000.02,400,0.98,0.02,94.14034,4.8021,1.47E-08,1.07E-09
25500000.02,400,0.884,0.116,79.18096,25.62272,1.31E-08,1.37E-08
25500000.02,400,0.788,0.212,66.00984,43.57712,1.31E-08,1.35E-08
25500000.02,400,0.692,0.308,54.55262,59.01998,1.37E-08,1.05E-08
25500000.02,400,0.596,0.404,44.1946,73.28512,1.20E-08,1.16E-08
25500000.02,400,0.5,0.5,35.04014,85.64566,1.10E-08,8.50E-09
25500000.02,400,0.404,0.596,26.8872,96.56526,1.10E-08,1.06E-08
25500000.02,400,0.308,0.692,19.59162,106.31774,9.08E-09,1.06E-08
25500000.02,400,0.212,0.788,12.95098,115.54054,4.25E-09,1.17E-08
25500000.02,400,0.116,0.884,6.84002,123.87638,1.28E-08,9.63E-09
25500000.02,400,0.02,0.98,1.1567,130.98648,1.62E-08,9.72E-09
27000000.01,200,0.98,0.02,137.49022,44.12806,1.78E-09,1.90E-09
27000000.01,200,0.884,0.116,78.60782,110.979,1.47E-09,2.00E-09
27000000.01,200,0.788,0.212,50.9027,142.80184,1.25E-09,1.82E-09
27000000.01,200,0.692,0.308,35.95774,161.29716,1.42E-09,1.97E-09
27000000.01,200,0.596,0.404,28.9134,169.08178,1.04E-09,2.05E-09
27000000.01,200,0.5,0.5,24.26296,174.55018,1.41E-09,2.14E-09
27000000.01,200,0.404,0.596,19.90902,180.9828,1.34E-09,1.77E-09
27000000.01,200,0.308,0.692,16.08488,184.61474,1.89E-09,1.55E-09
27000000.01,200,0.212,0.788,12.66038,187.67514,1.09E-09,1.83E-09
27000000.01,200,0.116,0.884,8.36092,192.57622,1.13E-09,1.67E-09
27000000.01,200,0.02,0.98,1.5732,199.62476,1.31E-09,1.73E-09
27000000.01,220,0.98,0.02,140.5132,33.01804,2.25E-09,1.91E-09
27000000.01,220,0.884,0.116,85.3168,96.88728,1.83E-09,2.56E-09
27000000.01,220,0.788,0.212,59.61758,126.8043,1.78E-09,2.12E-09
27000000.01,220,0.692,0.308,42.75588,146.45204,1.76E-09,2.45E-09
27000000.01,220,0.596,0.404,35.01832,155.6994,1.84E-09,2.61E-09
27000000.01,220,0.5,0.5,27.34368,165.11992,1.90E-09,1.99E-09
27000000.01,220,0.404,0.596,21.50226,172.6559,1.48E-09,2.14E-09
27000000.01,220,0.308,0.692,17.07316,177.1288,1.44E-09,2.63E-09
27000000.01,220,0.212,0.788,12.74606,182.21626,7.67E-10,2.28E-09
27000000.01,220,0.116,0.884,8.02628,187.99352,1.30E-09,2.47E-09
27000000.01,220,0.02,0.98,1.47668,195.31018,2.04E-09,1.92E-09
27000000.01,240,0.98,0.02,140.68166,24.6664,3.48E-09,2.68E-09
27000000.01,240,0.884,0.116,90.27722,84.50704,2.84E-09,3.12E-09
27000000.01,240,0.788,0.212,64.91476,113.87134,3.27E-09,3.28E-09
27000000.01,240,0.692,0.308,49.33164,132.5375,2.75E-09,3.02E-09
27000000.01,240,0.596,0.404,38.50456,145.45594,2.37E-09,3.29E-09
27000000.01,240,0.5,0.5,30.46644,154.59158,1.93E-09,2.84E-09
27000000.01,240,0.404,0.596,24.35352,162.55698,2.65E-09,2.93E-09
27000000.01,240,0.308,0.692,19.39702,168.49304,2.16E-09,2.94E-09
27000000.01,240,0.212,0.788,13.4733,174.94322,1.82E-09,2.70E-09
27000000.01,240,0.116,0.884,7.66994,182.4019,1.26E-09,2.83E-09
27000000.01,240,0.02,0.98,1.44626,188.76072,3.22E-09,2.70E-09
27000000.01,260,0.98,0.02,137.857,18.87462,4.29E-09,3.79E-09
27000000.01,260,0.884,0.116,92.443,74.00496,3.35E-09,4.74E-09
27000000.01,260,0.788,0.212,67.09048,104.09228,2.88E-09,4.06E-09
27000000.01,260,0.692,0.308,51.8792,122.19954,2.74E-09,4.26E-09
27000000.01,260,0.596,0.404,40.73866,135.9286,2.51E-09,3.39E-09
27000000.01,260,0.5,0.5,32.379,145.81186,3.12E-09,3.93E-09
27000000.01,260,0.404,0.596,25.46878,154.42754,2.08E-09,3.46E-09
27000000.01,260,0.308,0.692,18.97514,162.259,1.29E-09,3.52E-09
27000000.01,260,0.212,0.788,13.64666,168.56118,1.50E-09,3.61E-09
27000000.01,260,0.116,0.884,7.71172,175.8759,2.64E-09,3.25E-09
27000000.01,260,0.02,0.98,1.38516,182.40384,1.92E-09,3.06E-09
27000000.01,280,0.98,0.02,132.91552,15.02252,5.41E-09,5.73E-09
27000000.01,280,0.884,0.116,93.5858,63.92506,4.76E-09,4.36E-09
27000000.01,280,0.788,0.212,70.33372,92.86644,4.37E-09,5.24E-09
27000000.01,280,0.692,0.308,53.37426,112.93068,3.30E-09,5.55E-09
27000000.01,280,0.596,0.404,42.88514,125.78888,3.71E-09,4.07E-09
27000000.01,280,0.5,0.5,33.23146,138.03256,3.91E-09,4.66E-09
27000000.01,280,0.404,0.596,26.17888,146.33764,3.01E-09,4.10E-09
27000000.01,280,0.308,0.692,19.93254,153.8263,3.01E-09,4.04E-09
27000000.01,280,0.212,0.788,13.4875,161.98234,2.56E-09,4.66E-09
27000000.01,280,0.116,0.884,7.65278,169.19058,2.69E-09,4.54E-09
27000000.01,280,0.02,0.98,1.3443,175.92132,8.83E-09,4.42E-09
27000000.01,300,0.98,0.02,127.2106,12.04862,8.94E-09,5.79E-09
27000000.01,300,0.884,0.116,93.34934,55.07552,6.34E-09,7.59E-09
27000000.01,300,0.788,0.212,71.0677,82.9609,5.32E-09,6.97E-09
27000000.01,300,0.692,0.308,55.48392,102.69296,5.46E-09,5.49E-09
27000000.01,300,0.596,0.404,43.65364,117.33792,4.54E-09,4.93E-09
27000000.01,300,0.5,0.5,34.46132,128.94994,5.17E-09,5.65E-09
27000000.01,300,0.404,0.596,26.37988,139.03728,3.02E-09,6.00E-09
27000000.01,300,0.308,0.692,19.76072,146.92704,4.11E-09,5.70E-09
27000000.01,300,0.212,0.788,13.79344,154.52876,6.46E-09,4.24E-09
27000000.01,300,0.116,0.884,7.52104,161.83226,3.93E-09,4.89E-09
27000000.01,300,0.02,0.98,1.33776,169.3066,9.62E-10,4.72E-09
27000000.01,320,0.98,0.02,120.55132,9.95506,7.80E-09,1.01E-08
27000000.01,320,0.884,0.116,92.36084,46.97006,8.26E-09,8.13E-09
27000000.01,320,0.788,0.212,71.73316,73.44556,6.12E-09,4.08E-09
27000000.01,320,0.692,0.308,56.6217,92.79116,8.60E-09,6.42E-09
27000000.01,320,0.596,0.404,44.3058,108.16558,6.22E-09,7.43E-09
27000000.01,320,0.5,0.5,34.7339,120.68602,3.83E-09,6.44E-09
27000000.01,320,0.404,0.596,26.95996,130.43152,5.95E-09,5.97E-09
27000000.01,320,0.308,0.692,19.75616,139.47284,6.05E-09,6.25E-09
27000000.01,320,0.212,0.788,13.46622,147.61044,5.25E-09,6.13E-09
27000000.01,320,0.116,0.884,7.4805,154.71868,6.75E-09,4.72E-09
27000000.01,320,0.02,0.98,1.28488,162.35662,4.68E-09,5.36E-09
27000000.01,340,0.98,0.02,114.11638,8.1043,1.04E-08,6.81E-09
27000000.01,340,0.884,0.116,89.90834,40.32356,9.00E-09,8.89E-09
27000000.01,340,0.788,0.212,71.6804,64.66892,9.88E-09,9.09E-09
27000000.01,340,0.692,0.308,56.93962,83.652,9.05E-09,7.25E-09
27000000.01,340,0.596,0.404,45.01472,98.74428,7.14E-09,7.49E-09
27000000.01,340,0.5,0.5,35.41006,111.93726,6.69E-09,7.55E-09
27000000.01,340,0.404,0.596,26.99024,122.49578,6.05E-09,6.30E-09
27000000.01,340,0.308,0.692,19.89406,131.29154,5.41E-09,6.66E-09
27000000.01,340,0.212,0.788,13.38226,139.88574,7.84E-09,8.20E-09
27000000.01,340,0.116,0.884,7.20468,148.03914,5.41E-09,6.91E-09
27000000.01,340,0.02,0.98,1.24632,155.20244,6.80E-09,6.30E-09
27000000.01,360,0.98,0.02,107.9771,6.7335,1.29E-08,1.43E-08
27000000.01,360,0.884,0.116,87.28086,34.64184,1.09E-08,1.15E-08
27000000.01,360,0.788,0.212,70.44862,57.1713,9.55E-09,9.21E-09
27000000.01,360,0.692,0.308,57.09174,74.79726,1.10E-08,1.02E-08
27000000.01,360,0.596,0.404,45.19954,90.49066,8.29E-09,9.63E-09
27000000.01,360,0.5,0.5,35.4448,103.46896,9.36E-09,8.21E-09
27000000.01,360,0.404,0.596,27.18548,114.28234,7.45E-09,8.38E-09
27000000.01,360,0.308,0.692,19.7576,123.95208,6.60E-09,7.73E-09
27000000.01,360,0.212,0.788,13.13818,132.3103,7.58E-09,7.05E-09
27000000.01,360,0.116,0.884,7.11026,140.30994,1.37E-08,7.92E-09
27000000.01,360,0.02,0.98,1.21472,147.65244,2.70E-09,7.94E-09
27000000.01,380,0.98,0.02,101.78924,5.68066,1.37E-08,1.02E-08
27000000.01,380,0.884,0.116,83.9344,29.75254,1.19E-08,1.25E-08
27000000.01,380,0.788,0.212,68.99572,50.14092,1.08E-08,7.21E-09
27000000.01,380,0.692,0.308,56.10452,67.3447,1.06E-08,8.76E-09
27000000.01,380,0.596,0.404,45.25906,82.08204,7.33E-09,9.73E-09
27000000.01,380,0.5,0.5,35.67758,94.64534,1.14E-08,9.66E-09
27000000.01,380,0.404,0.596,27.46168,105.47632,1.21E-08,8.15E-09
27000000.01,380,0.308,0.692,19.9336,115.12078,2.36E-09,9.14E-09
27000000.01,380,0.212,0.788,13.23862,124.12736,3.73E-09,9.18E-09
27000000.01,380,0.116,0.884,7.0637,132.40162,9.48E-09,1.01E-08
27000000.01,380,0.02,0.98,1.2166,139.85642,3.00E-08,8.91E-09
27000000.01,400,0.98,0.02,95.84328,4.8133,1.53E-08,1.24E-08
27000000.01,400,0.884,0.116,80.41598,25.87762,1.36E-08,9.40E-09
27000000.01,400,0.788,0.212,67.17774,43.96998,1.39E-08,1.48E-08
27000000.01,400,0.692,0.308,55.33528,59.798,1.31E-08,1.76E-08
27000000.01,400,0.596,0.404,44.97536,73.6654,1.06E-08,1.11E-08
27000000.01,400,0.5,0.5,35.52838,86.32536,1.05E-08,1.15E-08
27000000.01,400,0.404,0.596,27.3939,97.4492,1.10E-08,1.06E-08
27000000.01,400,0.308,0.692,20.02124,107.2158,1.23E-08,9.31E-09
27000000.01,400,0.212,0.788,13.26168,116.03928,8.74E-09,1.10E-08
27000000.01,400,0.116,0.884,7.02284,124.38494,1.28E-08,9.63E-09
27000000.01,400,0.02,0.98,1.17516,132.34188,2.28E-08,1.10E-08
28500000.01,200,0.98,0.02,139.12164,42.71132,1.82E-09,1.57E-09
28500000.01,200,0.884,0.116,78.04598,111.5834,1.36E-09,1.87E-09
28500000.01,200,0.788,0.212,48.0884,146.15214,1.31E-09,2.26E-09
28500000.01,200,0.692,0.308,35.91456,161.52232,8.97E-10,1.93E-09
28500000.01,200,0.596,0.404,29.05476,169.39104,1.04E-09,2.05E-09
28500000.01,200,0.5,0.5,24.9201,173.31406,1.07E-09,1.70E-09
28500000.01,200,0.404,0.596,20.3573,179.16486,1.68E-09,1.88E-09
28500000.01,200,0.308,0.692,16.04496,183.70852,1.21E-09,1.54E-09
28500000.01,200,0.212,0.788,12.9466,188.60682,1.25E-09,2.00E-09
28500000.01,200,0.116,0.884,7.67602,194.87152,9.30E-10,1.82E-09
28500000.01,200,0.02,0.98,1.87532,199.2309,9.32E-11,1.79E-09
28500000.01,220,0.98,0.02,142.4133,31.61444,2.01E-09,2.64E-09
28500000.01,220,0.884,0.116,85.34956,97.67718,1.89E-09,2.29E-09
28500000.01,220,0.788,0.212,59.94892,126.33676,1.55E-09,2.25E-09
28500000.01,220,0.692,0.308,44.38336,145.083,2.07E-09,2.18E-09
28500000.01,220,0.596,0.404,36.13436,155.01234,1.99E-09,2.67E-09
28500000.01,220,0.5,0.5,26.67024,166.11152,1.23E-09,2.08E-09
28500000.01,220,0.404,0.596,22.6113,170.23678,1.15E-09,2.15E-09
28500000.01,220,0.308,0.692,18.0331,175.99668,2.56E-09,2.40E-09
28500000.01,220,0.212,0.788,13.00768,182.33886,1.43E-09,2.33E-09
28500000.01,220,0.116,0.884,7.92418,189.0555,1.60E-09,2.25E-09
28500000.01,220,0.02,0.98,1.6338,195.93326,6.16E-10,2.27E-09
28500000.01,240,0.98,0.02,141.89718,24.20214,3.67E-09,3.09E-09
28500000.01,240,0.884,0.116,91.13538,83.79182,3.26E-09,3.38E-09
28500000.01,240,0.788,0.212,65.11492,114.18232,3.27E-09,3.28E-09
28500000.01,240,0.692,0.308,49.07652,133.05778,2.75E-09,3.02E-09
28500000.01,240,0.596,0.404,39.17104,144.70056,2.37E-09,3.29E-09
28500000.01,240,0.5,0.5,31.64924,154.44464,2.40E-09,3.29E-09
28500000.01,240,0.404,0.596,24.95876,161.56618,2.02E-09,2.84E-09
28500000.01,240,0.308,0.692,18.88766,169.22442,2.71E-09,2.91E-09
28500000.01,240,0.212,0.788,12.65874,176.49678,1.97E-09,2.63E-09
28500000.01,240,0.116,0.884,7.9836,181.76266,1.26E-09,2.83E-09
28500000.01,240,0.02,0.98,1.40326,190.61202,1.49E-09,2.91E-09
28500000.01,260,0.98,0.02,138.94756,18.68904,4.16E-09,4.30E-09
28500000.01,260,0.884,0.116,92.92574,74.0248,3.17E-09,3.69E-09
28500000.01,260,0.788,0.212,68.418,103.36204,3.01E-09,3.86E-09
28500000.01,260,0.692,0.308,52.56018,121.98372,2.35E-09,3.82E-09
28500000.01,260,0.596,0.404,41.6007,135.49242,2.80E-09,2.95E-09
28500000.01,260,0.5,0.5,32.82732,146.68584,2.95E-09,3.47E-09
28500000.01,260,0.404,0.596,26.05532,153.68484,1.31E-09,3.34E-09
28500000.01,260,0.308,0.692,19.3556,162.48168,1.29E-09,3.52E-09
28500000.01,260,0.212,0.788,13.365,168.91608,1.75E-09,4.20E-09
28500000.01,260,0.116,0.884,7.62744,175.67764,2.64E-09,3.25E-09
28500000.01,260,0.02,0.98,1.4009,183.2375,2.15E-09,3.69E-09
28500000.01,280,0.98,0.02,134.14784,14.82892,5.48E-09,7.00E-09
28500000.01,280,0.884,0.116,94.33728,63.58962,4.76E-09,4.36E-09
28500000.01,280,0.788,0.212,70.74042,92.69508,4.35E-09,4.18E-09
28500000.01,280,0.692,0.308,54.98178,111.75662,3.94E-09,4.25E-09
28500000.01,280,0.596,0.404,43.26414,126.2521,3.71E-09,4.07E-09
28500000.01,280,0.5,0.5,34.40022,136.77384,3.00E-09,4.08E-09
28500000.01,280,0.404,0.596,26.6642,146.41222,4.02E-09,4.07E-09
28500000.01,280,0.308,0.692,19.5685,154.76308,2.53E-09,3.86E-09
28500000.01,280,0.212,0.788,13.65476,161.81084,2.28E-09,4.00E-09
28500000.01,280,0.116,0.884,7.63114,169.46644,1.77E-09,4.44E-09
28500000.01,280,0.02,0.98,1.43878,176.771,1.50E-09,4.49E-09
28500000.01,300,0.98,0.02,127.95016,12.02618,7.02E-09,2.89E-09
28500000.01,300,0.884,0.116,94.41622,54.77634,4.80E-09,6.25E-09
28500000.01,300,0.788,0.212,72.04808,82.5749,4.36E-09,5.32E-09
28500000.01,300,0.692,0.308,56.14552,102.32386,4.61E-09,5.53E-09
28500000.01,300,0.596,0.404,44.18718,117.43306,4.79E-09,4.19E-09
28500000.01,300,0.5,0.5,34.88142,128.70904,5.54E-09,5.28E-09
28500000.01,300,0.404,0.596,27.17772,138.2213,6.84E-09,5.01E-09
28500000.01,300,0.308,0.692,20.23004,147.41166,4.11E-09,5.70E-09
28500000.01,300,0.212,0.788,13.96086,154.5394,6.46E-09,4.24E-09
28500000.01,300,0.116,0.884,7.68344,161.85444,3.93E-09,4.89E-09
28500000.01,300,0.02,0.98,1.3613,170.38466,1.80E-09,4.26E-09
28500000.01,320,0.98,0.02,121.57606,9.83738,9.16E-09,1.57E-09
28500000.01,320,0.884,0.116,93.14054,46.97532,5.14E-09,8.17E-09
28500000.01,320,0.788,0.212,73.39998,72.35402,5.46E-09,7.58E-09
28500000.01,320,0.692,0.308,57.38708,92.68712,8.60E-09,6.42E-09
28500000.01,320,0.596,0.404,45.29916,107.9022,5.01E-09,7.46E-09
28500000.01,320,0.5,0.5,35.647,120.43616,6.34E-09,6.60E-09
28500000.01,320,0.404,0.596,27.42766,130.49494,5.95E-09,5.97E-09
28500000.01,320,0.308,0.692,20.25662,139.56852,7.16E-09,6.26E-09
28500000.01,320,0.212,0.788,13.79794,147.38312,4.45E-09,5.80E-09
28500000.01,320,0.116,0.884,7.5069,155.26914,4.13E-09,5.84E-09
28500000.01,320,0.02,0.98,1.29192,162.8294,8.01E-10,5.46E-09
28500000.01,340,0.98,0.02,115.4548,8.08694,9.39E-09,1.41E-08
28500000.01,340,0.884,0.116,91.26886,40.16678,7.90E-09,8.45E-09
28500000.01,340,0.788,0.212,72.7955,64.23448,9.01E-09,1.11E-08
28500000.01,340,0.692,0.308,57.80592,83.5975,8.34E-09,7.27E-09
28500000.01,340,0.596,0.404,45.9536,99.0222,6.88E-09,4.99E-09
28500000.01,340,0.5,0.5,35.75602,112.1449,6.90E-09,7.53E-09
28500000.01,340,0.404,0.596,27.6504,122.4048,5.90E-09,7.39E-09
28500000.01,340,0.308,0.692,20.29608,131.99042,7.84E-09,6.56E-09
28500000.01,340,0.212,0.788,13.5939,140.5558,6.78E-09,6.69E-09
28500000.01,340,0.116,0.884,7.39256,148.45596,5.41E-09,6.91E-09
28500000.01,340,0.02,0.98,1.29166,155.56018,4.66E-09,7.16E-09
28500000.01,360,0.98,0.02,109.29228,6.73824,1.15E-08,3.09E-09
28500000.01,360,0.884,0.116,88.45424,34.60476,1.14E-08,9.52E-09
28500000.01,360,0.788,0.212,71.66422,56.68816,1.01E-08,1.15E-08
28500000.01,360,0.692,0.308,57.87196,75.29662,1.02E-08,9.16E-09
28500000.01,360,0.596,0.404,46.20292,90.15004,7.80E-09,9.21E-09
28500000.01,360,0.5,0.5,36.14668,103.40742,9.89E-09,7.63E-09
28500000.01,360,0.404,0.596,27.86444,114.1143,7.78E-09,8.49E-09
28500000.01,360,0.308,0.692,20.51992,123.74098,4.47E-09,7.77E-09
28500000.01,360,0.212,0.788,13.5347,132.67246,7.99E-09,7.60E-09
28500000.01,360,0.116,0.884,7.24276,140.58026,5.59E-09,7.56E-09
28500000.01,360,0.02,0.98,1.2377,148.3675,2.70E-09,7.94E-09
28500000.01,380,0.98,0.02,103.27584,5.72912,1.29E-08,9.02E-09
28500000.01,380,0.884,0.116,85.2915,29.90212,1.12E-08,1.22E-08
28500000.01,380,0.788,0.212,70.08234,50.2292,9.80E-09,1.17E-08
28500000.01,380,0.692,0.308,57.13236,67.46518,9.81E-09,1.10E-08
28500000.01,380,0.596,0.404,46.1036,82.01336,1.64E-08,8.40E-09
28500000.01,380,0.5,0.5,36.27944,95.06326,1.14E-08,9.66E-09
28500000.01,380,0.404,0.596,27.92304,105.87664,1.10E-08,8.28E-09
28500000.01,380,0.308,0.692,20.4025,115.83446,4.30E-09,8.88E-09
28500000.01,380,0.212,0.788,13.56738,124.43412,9.70E-09,1.01E-08
28500000.01,380,0.116,0.884,7.14108,133.05962,9.70E-09,8.77E-09
28500000.01,380,0.02,0.98,1.21498,140.73446,9.67E-09,9.02E-09
28500000.01,400,0.98,0.02,97.3033,4.86328,1.46E-08,1.51E-08
28500000.01,400,0.884,0.116,81.77478,25.98878,1.14E-08,1.10E-08
28500000.01,400,0.788,0.212,68.186,44.25216,1.25E-08,1.41E-08
28500000.01,400,0.692,0.308,55.92898,60.63814,1.26E-08,9.27E-09
28500000.01,400,0.596,0.404,45.61038,74.3975,9.33E-09,1.06E-08
28500000.01,400,0.5,0.5,36.16562,86.89508,9.88E-09,9.84E-09
28500000.01,400,0.404,0.596,27.8973,97.87062,1.06E-08,1.10E-08
28500000.01,400,0.308,0.692,20.38426,107.70238,7.17E-09,9.74E-09
28500000.01,400,0.212,0.788,13.53178,116.97152,8.61E-09,1.00E-08
28500000.01,400,0.116,0.884,7.20482,125.21838,8.70E-09,9.38E-09
28500000.01,400,0.02,0.98,1.20218,133.20782,1.22E-08,1.00E-08
30000000,200,0.98,0.02,138.1016,43.93572,1.78E-09,1.71E-09
30000000,200,0.884,0.116,80.7976,110.20626,1.69E-09,2.16E-09
30000000,200,0.788,0.212,49.69182,144.71984,1.59E-09,1.98E-09
30000000,200,0.692,0.308,38.37222,159.15146,8.57E-10,2.19E-09
30000000,200,0.596,0.404,29.6176,169.83284,1.27E-09,1.71E-09
30000000,200,0.5,0.5,24.81658,174.49904,1.15E-09,2.02E-09
30000000,200,0.404,0.596,21.3737,178.10012,1.15E-09,1.84E-09
30000000,200,0.308,0.692,17.7813,182.81008,1.17E-09,2.11E-09
30000000,200,0.212,0.788,11.88946,189.56674,8.86E-10,1.82E-09
30000000,200,0.116,0.884,7.68106,194.66868,1.39E-09,1.70E-09
30000000,200,0.02,0.98,1.7651,200.83692,1.87E-09,1.92E-09
30000000,220,0.98,0.02,143.42612,31.67342,2.17E-09,2.30E-09
30000000,220,0.884,0.116,85.91198,96.7131,1.82E-09,2.16E-09
30000000,220,0.788,0.212,60.11078,127.05678,1.65E-09,2.34E-09
30000000,220,0.692,0.308,44.2782,144.67354,2.07E-09,2.18E-09
30000000,220,0.596,0.404,35.02816,156.0653,8.19E-10,2.60E-09
30000000,220,0.5,0.5,29.5618,162.73962,1.84E-09,2.49E-09
30000000,220,0.404,0.596,21.8544,172.39898,1.51E-09,2.31E-09
30000000,220,0.308,0.692,17.5692,177.24102,1.58E-09,2.36E-09
30000000,220,0.212,0.788,12.88336,182.4918,1.43E-09,2.33E-09
30000000,220,0.116,0.884,7.80244,187.52466,1.30E-09,2.47E-09
30000000,220,0.02,0.98,1.68114,195.29882,5.43E-10,2.51E-09
30000000,240,0.98,0.02,142.66424,23.6558,3.36E-09,3.45E-09
30000000,240,0.884,0.116,91.47864,83.42086,3.30E-09,3.58E-09
30000000,240,0.788,0.212,65.338,114.1597,3.27E-09,3.28E-09
30000000,240,0.692,0.308,49.95116,133.05806,2.67E-09,2.75E-09
30000000,240,0.596,0.404,39.76924,144.48238,2.60E-09,4.04E-09
30000000,240,0.5,0.5,30.63772,155.99762,2.76E-09,2.61E-09
30000000,240,0.404,0.596,24.02692,163.70414,2.74E-09,2.94E-09
30000000,240,0.308,0.692,18.71882,169.35782,2.71E-09,2.91E-09
30000000,240,0.212,0.788,13.12086,176.20716,1.97E-09,2.63E-09
30000000,240,0.116,0.884,7.90118,183.3965,2.13E-09,2.68E-09
30000000,240,0.02,0.98,1.38878,188.85162,3.22E-09,2.70E-09
30000000,260,0.98,0.02,139.5802,18.39672,4.59E-09,5.14E-09
30000000,260,0.884,0.116,94.1451,73.05816,3.80E-09,4.56E-09
30000000,260,0.788,0.212,69.16982,102.44584,2.65E-09,3.53E-09
30000000,260,0.692,0.308,53.72934,121.06576,3.31E-09,3.84E-09
30000000,260,0.596,0.404,42.03672,134.81648,2.84E-09,4.08E-09
30000000,260,0.5,0.5,33.35494,145.43846,2.99E-09,3.43E-09
30000000,260,0.404,0.596,26.06068,154.21966,1.31E-09,3.34E-09
30000000,260,0.308,0.692,20.3893,160.9821,4.28E-09,3.47E-09
30000000,260,0.212,0.788,13.82364,168.60024,1.50E-09,3.61E-09
30000000,260,0.116,0.884,7.8982,176.2725,2.64E-09,3.25E-09
30000000,260,0.02,0.98,1.41618,183.33142,3.35E-10,3.50E-09
30000000,280,0.98,0.02,134.45824,14.8834,5.59E-09,5.50E-09
30000000,280,0.884,0.116,95.2169,63.44792,4.76E-09,5.19E-09
30000000,280,0.788,0.212,71.35234,92.28608,4.24E-09,4.53E-09
30000000,280,0.692,0.308,55.35464,112.16394,4.50E-09,4.62E-09
30000000,280,0.596,0.404,43.77924,125.88508,3.01E-09,4.93E-09
30000000,280,0.5,0.5,34.3102,137.61034,2.10E-09,5.08E-09
30000000,280,0.404,0.596,27.64746,145.3265,4.73E-09,4.03E-09
30000000,280,0.308,0.692,20.24458,153.93784,3.01E-09,4.04E-09
30000000,280,0.212,0.788,13.9693,161.73074,2.28E-09,4.00E-09
30000000,280,0.116,0.884,7.84388,168.9368,2.69E-09,4.54E-09
30000000,280,0.02,0.98,1.40478,176.63954,1.50E-09,4.49E-09
30000000,300,0.98,0.02,129.22236,11.98742,6.51E-09,7.15E-09
30000000,300,0.884,0.116,95.76664,53.96002,6.94E-09,5.67E-09
30000000,300,0.788,0.212,73.53914,81.37176,4.70E-09,5.74E-09
30000000,300,0.692,0.308,56.87194,102.1633,5.47E-09,5.38E-09
30000000,300,0.596,0.404,45.28784,116.41652,5.14E-09,4.43E-09
30000000,300,0.5,0.5,35.16176,128.98894,5.54E-09,5.28E-09
30000000,300,0.404,0.596,27.18184,138.7631,3.11E-09,4.60E-09
30000000,300,0.308,0.692,20.68328,146.94928,4.34E-09,5.49E-09
30000000,300,0.212,0.788,14.01108,155.00436,6.46E-09,4.24E-09
30000000,300,0.116,0.884,7.68788,162.78382,7.09E-09,4.52E-09
30000000,300,0.02,0.98,1.38972,170.07442,1.80E-09,4.26E-09
30000000,320,0.98,0.02,123.02046,9.76366,9.00E-09,7.31E-09
30000000,320,0.884,0.116,94.196,46.56378,7.06E-09,6.93E-09
30000000,320,0.788,0.212,73.33432,73.16004,8.77E-09,6.72E-09
30000000,320,0.692,0.308,58.2125,92.5509,6.55E-09,6.72E-09
30000000,320,0.596,0.404,46.1644,107.45986,5.52E-09,5.86E-09
30000000,320,0.5,0.5,36.32214,120.14962,6.34E-09,6.60E-09
30000000,320,0.404,0.596,27.87956,130.50796,5.61E-09,5.91E-09
30000000,320,0.308,0.692,20.453,139.58882,7.16E-09,6.26E-09
30000000,320,0.212,0.788,13.9375,147.69262,2.89E-09,5.87E-09
30000000,320,0.116,0.884,7.49458,156.13848,7.71E-09,6.20E-09
30000000,320,0.02,0.98,1.338,163.29938,8.01E-10,5.46E-09
30000000,340,0.98,0.02,116.85262,8.13414,9.62E-09,4.69E-09
30000000,340,0.884,0.116,92.09582,40.01942,8.38E-09,1.06E-08
30000000,340,0.788,0.212,73.42948,64.64076,7.93E-09,8.34E-09
30000000,340,0.692,0.308,58.64672,83.7017,7.02E-09,8.29E-09
30000000,340,0.596,0.404,46.4366,99.13548,7.27E-09,7.45E-09
30000000,340,0.5,0.5,36.7897,111.4991,7.13E-09,6.90E-09
30000000,340,0.404,0.596,27.9949,122.79208,6.55E-09,6.90E-09
30000000,340,0.308,0.692,20.7408,131.82656,7.56E-09,6.63E-09
30000000,340,0.212,0.788,13.93208,140.42768,5.53E-09,6.25E-09
30000000,340,0.116,0.884,7.52726,148.55006,8.10E-09,6.38E-09
30000000,340,0.02,0.98,1.26504,156.388,4.66E-09,7.16E-09
30000000,360,0.98,0.02,110.75076,6.76878,1.15E-08,9.24E-09
30000000,360,0.884,0.116,89.44616,34.65974,1.11E-08,8.94E-09
30000000,360,0.788,0.212,72.21412,57.12244,1.01E-08,1.15E-08
30000000,360,0.692,0.308,58.56722,75.39694,9.48E-09,8.09E-09
30000000,360,0.596,0.404,46.8132,90.62802,9.17E-09,8.83E-09
30000000,360,0.5,0.5,37.00808,103.52556,7.73E-09,9.67E-09
30000000,360,0.404,0.596,28.35334,114.30984,8.44E-09,9.01E-09
30000000,360,0.308,0.692,20.93926,123.53862,4.47E-09,7.77E-09
30000000,360,0.212,0.788,13.84754,133.0462,7.99E-09,7.60E-09
30000000,360,0.116,0.884,7.45138,141.1998,5.59E-09,7.56E-09
30000000,360,0.02,0.98,1.2741,148.40058,2.70E-09,7.94E-09
30000000,380,0.98,0.02,104.54788,5.77594,1.32E-08,2.13E-08
30000000,380,0.884,0.116,86.3255,30.08092,1.19E-08,9.63E-09
30000000,380,0.788,0.212,71.19734,50.30972,1.00E-08,7.31E-09
30000000,380,0.692,0.308,57.85036,67.70434,1.00E-08,1.06E-08
30000000,380,0.596,0.404,46.7664,82.37548,7.97E-09,1.12E-08
30000000,380,0.5,0.5,36.86358,95.38674,1.01E-08,1.01E-08
30000000,380,0.404,0.596,28.59716,106.13324,9.98E-09,8.80E-09
30000000,380,0.308,0.692,20.58008,116.72538,1.39E-08,8.24E-09
30000000,380,0.212,0.788,13.7834,125.29344,5.07E-09,8.08E-09
30000000,380,0.116,0.884,7.37496,133.63016,8.97E-09,9.87E-09
30000000,380,0.02,0.98,1.2469,141.32338,5.22E-09,8.37E-09
30000000,400,0.98,0.02,98.57068,4.98406,1.79E-08,2.15E-08
30000000,400,0.884,0.116,82.76306,26.13374,1.35E-08,1.20E-08
30000000,400,0.788,0.212,69.1758,44.72032,1.19E-08,1.27E-08
30000000,400,0.692,0.308,57.11568,60.62626,1.10E-08,1.43E-08
30000000,400,0.596,0.404,46.34142,74.79636,1.16E-08,1.38E-08
30000000,400,0.5,0.5,36.72546,87.48696,1.15E-08,1.18E-08
30000000,400,0.404,0.596,28.26946,98.60828,1.10E-08,8.70E-09
30000000,400,0.308,0.692,20.73574,108.56372,9.49E-09,9.94E-09
30000000,400,0.212,0.788,13.70064,117.69064,1.26E-08,8.53E-09
30000000,400,0.116,0.884,7.28418,126.1894,9.79E-09,9.89E-09
30000000,400,0.02,0.98,1.22164,133.79692,6.91E-09,8.14E-09
